nba_id,available,tm_id,full_name,first_name,last_name,sr_player_id,nba_player_id,srus_player_id,clean_name,ID,Name,Position,NFL Player,Ottoneu AV,Ottoneu AV (New Leagues),Ottoneu AV (Adds Only),Ottoneu Roster%
203507,1,1610612749,Giannis Antetokounmpo,Giannis,Antetokounmpo,sr:player:607336,203507,6c60282d-165a-4cba-8e5a-4f2d9d4c5905,giannisantetokounmpo,232,Giannis Antetokounmpo,F,$117.74 ,$125.00 ,$118.00 ,100%,
203954,0,1610612755,Joel Embiid,Joel,Embiid,sr:player:607528,203954,bf9ad0fd-0cb8-4360-8970-5f1b5cf3fa8d,joelembiid,414,Joel Embiid,C/F,$90.79 ,$94.00 ,$91.00 ,100%,
202695,0,1610612746,Kawhi Leonard,Kawhi,Leonard,sr:player:608084,202695,c12fb587-fc86-471c-8a84-19caf31325ce,kawhileonard,416,Kawhi Leonard,F,$24.47 ,$25.00 ,$24.00 ,100%,
2544,1,1610612747,LeBron James,LeBron,James,sr:player:608028,2544,0afbe608-940a-4d5d-a1f7-468718c67d91,lebronjames,18,LeBron James,F,$71.63 ,$72.00 ,$72.00 ,100%,
203999,1,1610612743,Nikola Jokic,Nikola,Jokic,sr:player:607468,203999,f2625432-3903-4f90-9b0b-2e4f63856bb0,nikolajokic,521,Nikola Jokic,C,$119.79 ,$129.00 ,$120.00 ,100%,
202331,1,1610612746,Paul George,Paul,George,sr:player:608072,202331,db09f372-9a17-4889-add7-bf8a75ab6da6,paulgeorge,483,Paul George,F,$66.79 ,$67.00 ,$67.00 ,100%,
201142,1,1610612751,Kevin Durant,Kevin,Durant,sr:player:607556,201142,53f2fa48-e61b-49fb-843d-8a3e872257eb,kevindurant,178,Kevin Durant,F,$95.32 ,$99.00 ,$95.00 ,100%,
201935,1,1610612751,James Harden,James,Harden,sr:player:607778,201935,a52b2c84-9c3d-4d6e-8a3b-10e75d11c2bc,jamesharden,367,James Harden,G,$99.05 ,$102.00 ,$99.00 ,100%,
203081,1,1610612757,Damian Lillard,Damian,Lillard,sr:player:607552,203081,5382cf43-3a79-4a5a-a7fd-153906fe65dd,damianlillard,176,Damian Lillard,G,$89.79 ,$96.00 ,$90.00 ,100%,
201939,1,1610612744,Stephen Curry,Stephen,Curry,sr:player:608110,201939,8ec91366-faea-4196-bbfd-b8fab7434795,stephencurry,312,Stephen Curry,G,$102.42 ,$112.00 ,$102.00 ,100%,
203497,1,1610612762,Rudy Gobert,Rudy,Gobert,sr:player:607808,203497,37fbc3a5-0d10-4e22-803b-baa2ea0cdb12,rudygobert,118,Rudy Gobert,C,$65.00 ,$61.00 ,$66.00 ,100%,
202710,1,1610612748,Jimmy Butler,Jimmy,Butler,sr:player:607444,202710,0e163d44-67a7-4107-9421-5333600166bb,jimmybutler,26,Jimmy Butler,F,$51.37 ,$50.00 ,$51.00 ,100%,
202681,1,1610612751,Kyrie Irving,Kyrie,Irving,sr:player:608268,202681,dd146010-902b-4ad7-b98c-650d0363a2f0,kyrieirving,488,Kyrie Irving,G,$27.28 ,$25.00 ,$27.00 ,94.70%,
201144,1,1610612762,Mike Conley,Mike,Conley,sr:player:608194,201144,460b7264-b98f-483e-b841-59a18c2e4d67,mikeconley,147,Mike Conley,G,$12.26 ,$13.00 ,$12.00 ,100%,
201950,1,1610612749,Jrue Holiday,Jrue,Holiday,sr:player:607876,201950,65700e81-3aa0-49a9-8a94-004f2cfb64e5,jrueholiday,214,Jrue Holiday,G,$34.32 ,$35.00 ,$34.00 ,100%,
101108,1,1610612756,Chris Paul,Chris,Paul,sr:player:607730,101108,942c53e3-7268-44e3-b0a9-fdff55a72c03,chrispaul,325,Chris Paul,G,$38.37 ,$35.00 ,$38.00 ,100%,
1628378,1,1610612762,Donovan Mitchell,Donovan,Mitchell,sr:player:1141362,1628378,b6dde96e-3748-4cbe-86d2-798d5dffb3c0,donovanmitchell,396,Donovan Mitchell,G,$54.89 ,$54.00 ,$54.00 ,100%,
1626157,1,1610612750,Karl-Anthony Towns,Karl-Anthony,Towns,sr:player:852120,1626157,ab532a66-9314-4d57-ade7-bb54a70c65ad,karlanthonytowns,377,Karl-Anthony Towns,C,$98.00 ,$100.00 ,$98.00 ,100%,
1629029,1,1610612742,Luka Doncic,Luka,Doncic,sr:player:926008,1629029,d2ee92e9-3e72-45eb-b156-2dc5adc1e6f7,lukadoncic,465,Luka Doncic,F/G,$114.26 ,$117.00 ,$114.00 ,100%,
1629027,1,1610612737,Trae Young,Trae,Young,sr:player:1300846,1629027,cf418e0c-de9d-438f-a1ac-3be539a56c42,traeyoung,451,Trae Young,G,$85.63 ,$87.00 ,$86.00 ,100%,
203076,1,1610612747,Anthony Davis,Anthony,Davis,sr:player:608216,203076,ea8826b8-1f76-4eab-b61e-ffcb176880f3,anthonydavis,510,Anthony Davis,F/C,$83.26 ,$84.00 ,$84.00 ,100%,
1626164,1,1610612756,Devin Booker,Devin,Booker,sr:player:852170,1626164,31baa84f-c759-4f92-8e1f-a92305ade3d6,devinbooker,98,Devin Booker,G,$56.74 ,$59.00 ,$57.00 ,100%,
203994,1,1610612757,Jusuf Nurkic,Jusuf,Nurkic,sr:player:607406,203994,a8b48aa9-cf98-4a87-8bba-e88eead8cdaa,jusufnurkic,375,Jusuf Nurkic,C,$24.95 ,$24.00 ,$25.00 ,100%,
203078,1,1610612764,Bradley Beal,Bradley,Beal,sr:player:607418,203078,ff461754-ad20-4eeb-af02-2b46cc980b24,bradleybeal,539,Bradley Beal,G,$76.11 ,$74.00 ,$77.00 ,100%,
203110,1,1610612744,Draymond Green,Draymond,Green,sr:player:608020,203110,5e5099d1-4a58-43f2-8d03-f2ae5dd49337,draymondgreen,202,Draymond Green,F,$21.89 ,$23.00 ,$22.00 ,100%,
1628369,1,1610612738,Jayson Tatum,Jayson,Tatum,sr:player:1141196,1628369,98136da3-452f-49dc-a794-1ee9c76443f2,jaysontatum,335,Jayson Tatum,F,$90.68 ,$94.00 ,$91.00 ,100%,
203468,1,1610612757,CJ McCollum,CJ,McCollum,sr:player:607968,203468,bc70a55a-cee0-478f-9a13-cf51c4a4187c,cjmccollum,408,CJ McCollum,G,$34.74 ,$34.00 ,$35.00 ,100%,
1627732,0,1610612755,Ben Simmons,Ben,Simmons,sr:player:996289,1627732,318debd7-dab6-4d4e-8849-03c4c701a7c8,bensimmons,96,Ben Simmons,G/F,$36.37 ,$35.00 ,$37.00 ,100%,
201980,0,1610612755,Danny Green,Danny,Green,sr:player:607862,201980,478e5e20-5d59-402f-a901-b8e78f3e9508,dannygreen,150,Danny Green,G,$1.24 ,$2.00 ,$1.00 ,89.50%,
1626167,1,1610612754,Myles Turner,Myles,Turner,sr:player:852046,1626167,323f9ef8-ecdd-41a7-859e-dd3db48ba913,mylesturner,100,Myles Turner,C/F,$35.47 ,$35.00 ,$36.00 ,100%,
1627750,0,1610612743,Jamal Murray,Jamal,Murray,sr:player:996299,1627750,685576ef-ea6c-4ccf-affd-18916baf4e60,jamalmurray,223,Jamal Murray,G,$16.47 ,$15.00 ,$16.00 ,89.50%,
1627751,0,1610612759,Jakob Poeltl,Jakob,Poeltl,sr:player:996287,1627751,e1b3d3d5-b4b1-481a-b5b9-efe4231f48bf,jakobpoeltl,493,Jakob Poeltl,C,$17.89 ,$20.00 ,$18.00 ,100%,
1629057,1,1610612738,Robert Williams,Robert,Williams,sr:player:1433761,1629057,c20dfb58-5622-405e-90b1-92b79ee97461,robertwilliams,422,Robert Williams III,C,$21.37 ,$22.00 ,$21.00 ,100%,
203991,1,1610612737,Clint Capela,Clint,Capela,sr:player:607898,203991,c37dafbb-a269-41f6-813f-bdb4da388203,clintcapela,427,Clint Capela,C,$42.42 ,$36.00 ,$42.00 ,100%,
1629028,1,1610612756,Deandre Ayton,Deandre,Ayton,sr:player:1296680,1629028,7ca4beac-bbd6-454f-b820-4e8442a3e1e5,deandreayton,273,Deandre Ayton,C,$49.89 ,$55.00 ,$50.00 ,100%,
1627759,1,1610612738,Jaylen Brown,Jaylen,Brown,sr:player:996297,1627759,ffc5579c-783f-4d62-80ab-3c3dcb05a27d,jaylenbrown,541,Jaylen Brown,F,$52.89 ,$52.00 ,$53.00 ,100%,
203496,1,1610612757,Robert Covington,Robert,Covington,sr:player:608236,203496,3e512d9e-ff9c-4f23-a4fd-a88128ee3af2,robertcovington,132,Robert Covington,F,$8.19 ,$6.00 ,$8.00 ,84.20%,
201572,1,1610612749,Brook Lopez,Brook,Lopez,sr:player:607534,201572,c179fb5c-9845-4e37-aef7-6e00d97548eb,brooklopez,419,Brook Lopez,C,$5.11 ,$7.00 ,$5.00 ,94.70%,
203897,1,1610612741,Zach LaVine,Zach,LaVine,sr:player:607400,203897,db72e294-1c54-454a-96b9-0b4fd2f38112,zachlavine,485,Zach LaVine,G/F,$56.21 ,$57.00 ,$56.00 ,100%,
1627783,1,1610612761,Pascal Siakam,Pascal,Siakam,sr:player:1070990,1627783,3df1db1d-6596-489e-8e26-80f60fd9b1f4,pascalsiakam,129,Pascal Siakam,F,$33.16 ,$29.00 ,$33.00 ,100%,
1627832,1,1610612761,Fred VanVleet,Fred,VanVleet,sr:player:1070982,1627832,45f17314-918c-49bd-a482-adc171859025,fredvanvleet,146,Fred VanVleet,G,$47.11 ,$47.00 ,$46.00 ,100%,
200768,1,1610612748,Kyle Lowry,Kyle,Lowry,sr:player:608172,200768,8c090758-6baa-468d-82fd-d47e17d5091b,kylelowry,304,Kyle Lowry,G,$19.53 ,$20.00 ,$20.00 ,100%,
1629008,0,1610612743,Michael Porter Jr.,Michael,Porter Jr.,sr:player:1307708,1629008,3a7d6510-00e9-4265-81df-864a1f547269,michaelporter,123,Michael Porter Jr.,F,$47.72 ,$45.00 ,$48.00 ,94.70%,
1628389,1,1610612748,Bam Adebayo,Bam,Adebayo,sr:player:1124727,1628389,11c303dc-540c-4090-8e0c-76c2fb2c125a,bamadebayo,34,Bam Adebayo,C/F,$71.58 ,$67.00 ,$71.00 ,100%,
203935,1,1610612738,Marcus Smart,Marcus,Smart,sr:player:607636,203935,af460d21-b1d8-46bb-a228-61ac4fb9ccf9,marcussmart,387,Marcus Smart,G,$9.53 ,$11.00 ,$10.00 ,100%,
203939,1,1610612742,Dwight Powell,Dwight,Powell,sr:player:608166,203939,a465418b-0933-40b4-8f01-253d046872e1,dwightpowell,364,Dwight Powell,F/C,$1.71 ,$3.00 ,$2.00 ,36.80%,
201587,0,1610612746,Nicolas Batum,Nicolas,Batum,sr:player:607608,201587,a89ac040-715d-4057-8fc0-9d71ad06fa0a,nicolasbatum,373,Nicolas Batum,G/F,$1.53 ,$1.00 ,$2.00 ,100%,
204001,1,1610612742,Kristaps Porzingis,Kristaps,Porzingis,sr:player:852216,204001,3c5901ef-af1d-441d-aeed-8e0a93cead49,kristapsporzingis,126,Kristaps Porzingis,F/C,$30.05 ,$26.00 ,$29.00 ,100%,
1628381,1,1610612737,John Collins,John,Collins,sr:player:1141198,1628381,28a2e698-9f33-4d4d-9a5d-9bea66ee42a1,johncollins,76,John Collins,F/C,$31.84 ,$30.00 ,$31.00 ,100%,
1629627,1,1610612740,Zion Williamson,Zion,Williamson,sr:player:1770164,1629627,5cc51c05-06f5-4ae4-89a4-1d329fbbcdfb,zionwilliamson,199,Zion Williamson,F,$71.89 ,$63.00 ,$73.00 ,94.70%,
203114,1,1610612749,Khris Middleton,Khris,Middleton,sr:player:607440,203114,4c362eee-6474-40ea-b1b4-d8f917f95175,khrismiddleton,161,Khris Middleton,F,$39.47 ,$36.00 ,$39.00 ,100%,
1626158,1,1610612758,Richaun Holmes,Richaun,Holmes,sr:player:852174,1626158,e96ef8d2-192f-47a3-a6ad-876603de1907,richaunholmes,508,Richaun Holmes,F,$22.26 ,$21.00 ,$22.00 ,100%,
1629020,1,1610612750,Jarred Vanderbilt,Jarred,Vanderbilt,sr:player:1499589,1629020,0b79911f-cd24-46d1-9b05-49fe937aa75e,jarredvanderbilt,20,Jarred Vanderbilt,F,$1.18 ,$1.00 ,$1.00 ,57.90%,
1628371,1,1610612753,Jonathan Isaac,Jonathan,Isaac,sr:player:1141192,1628371,776679a3-c1d8-4463-99b1-61024008a3ed,jonathanisaac,259,Jonathan Isaac,F,$8.74 ,$10.00 ,$9.00 ,100%,
1628969,1,1610612756,Mikal Bridges,Mikal,Bridges,sr:player:1176834,1628969,83cc5b28-36a7-43ba-ba20-8347bd1de583,mikalbridges,288,Mikal Bridges,F,$20.42 ,$19.00 ,$20.00 ,100%,
203115,0,1610612743,Will Barton,Will,Barton,sr:player:607628,203115,85e1279a-77c4-49a7-bfa0-7699e64b581f,willbarton,292,Will Barton,G,$3.21 ,$5.00 ,$3.00 ,100%,
202699,1,1610612755,Tobias Harris,Tobias,Harris,sr:player:608250,202699,82f09975-6a8d-42e4-b42c-a52b9349ed50,tobiasharris,287,Tobias Harris,F,$34.89 ,$28.00 ,$35.00 ,100%,
203490,1,1610612744,Otto Porter,Otto,Porter,sr:player:607522,203490,792fdc1e-e833-4777-a372-11e93e457480,ottoporter,263,Otto Porter Jr.,F,$1.17 ,$1.00 ,$1.00 ,94.70%,
1628384,1,1610612761,OG Anunoby,OG,Anunoby,sr:player:1123905,1628384,9474fa0a-70dd-44c4-9751-dac5839ae7f3,oganunoby,326,OG Anunoby,F,$28.95 ,$28.00 ,$29.00 ,100%,
1628973,1,1610612742,Jalen Brunson,Jalen,Brunson,sr:player:1159266,1628973,8d3edba8-9004-4199-9328-cc2208e8b0d3,jalenbrunson,306,Jalen Brunson,G,$1.79 ,$3.00 ,$2.00 ,100%,
201937,1,1610612739,Ricky Rubio,Ricky,Rubio,sr:player:608174,201937,a3531f82-7374-41e7-ac71-ef5071ad2a12,rickyrubio,359,Ricky Rubio,G,$1.89 ,$2.00 ,$2.00 ,100%,
1626149,1,1610612764,Montrezl Harrell,Montrezl,Harrell,sr:player:852218,1626149,869c305c-3e1f-49e5-a59b-5f1e03d198f8,montrezlharrell,294,Montrezl Harrell,F/C,$6.58 ,$7.00 ,$6.00 ,100%,
1626204,1,1610612757,Larry Nance Jr.,Larry,Nance Jr.,sr:player:852066,1626204,ad389979-d1d5-4f26-ad64-3e516b3373a3,larrynance,381,Larry Nance Jr.,F/C,$6.13 ,$6.00 ,$6.00 ,84.20%,
203482,1,1610612765,Kelly Olynyk,Kelly,Olynyk,sr:player:607622,203482,8e288d6e-50b8-404b-812b-823ae5bab61f,kellyolynyk,310,Kelly Olynyk,F/C,$7.16 ,$8.00 ,$7.00 ,100%,
1628392,1,1610612746,Isaiah Hartenstein,Isaiah,Hartenstein,sr:player:1142566,1628392,38745a56-7472-4844-a2dc-f61d3bcd941f,isaiahhartenstein,17730,Isaiah Hartenstein,C/F,$1.09 ,$1.00 ,$1.00 ,57.90%,
1628401,1,1610612759,Derrick White,Derrick,White,sr:player:1142550,1628401,9bcd5cff-4a1c-4454-89b6-a5899b0c6bcc,derrickwhite,341,Derrick White,G,$14.95 ,$14.00 ,$15.00 ,100%,
204060,1,1610612762,Joe Ingles,Joe,Ingles,sr:player:611966,204060,5b297372-b2af-445e-a4bc-777982dbc1e3,joeingles,195,Joe Ingles,F,$4.93 ,$5.00 ,$5.00 ,78.90%,
1627749,1,1610612759,Dejounte Murray,Dejounte,Murray,sr:player:996315,1627749,7d27ec3b-1e31-4b0f-abcf-e12039a0e27b,dejountemurray,277,Dejounte Murray,G,$42.26 ,$40.00 ,$42.00 ,100%,
1626161,1,1610612742,Willie Cauley-Stein,Willie,Cauley-Stein,sr:player:852140,1626161,20ca6325-14b7-49de-9f4c-6a5f45b4d039,williecauleystein,17960,Willie Cauley-Stein,C,$1.00 ,$1.00 ,$1.00 ,10.50%,
203500,1,1610612763,Steven Adams,Steven,Adams,sr:player:607888,203500,a208e22a-6b63-45f9-b7c6-bf913a68f3df,stevenadams,356,Steven Adams,C,$4.37 ,$5.00 ,$5.00 ,100%,
202689,1,1610612752,Kemba Walker,Kemba,Walker,sr:player:607850,202689,a35ee8ed-f1db-4f7e-bb17-f823e8ee0b38,kembawalker,360,Kemba Walker,G,$13.61 ,$12.00 ,$14.00 ,94.70%,
202685,1,1610612740,Jonas Valanciunas,Jonas,Valanciunas,sr:player:607970,202685,c8788ad2-89f7-4ec9-a22b-dcaf6190889b,jonasvalanciunas,437,Jonas Valanciunas,C,$22.68 ,$21.00 ,$23.00 ,100%,
1630163,1,1610612766,LaMelo Ball,LaMelo,Ball,sr:player:1875466,1630163,be53f27f-c666-4bd2-8fcd-0713f963aa2b,lameloball,412,LaMelo Ball,G,$70.05 ,$70.00 ,$70.00 ,100%,
1627826,1,1610612746,Ivica Zubac,Ivica,Zubac,sr:player:994293,1627826,2da18268-82d4-4b40-a296-7ceddd435d0b,ivicazubac,84,Ivica Zubac,C,$4.47 ,$5.00 ,$4.00 ,100%,
1629001,1,1610612763,De'Anthony Melton,De'Anthony,Melton,sr:player:1171084,1629001,5b22ae60-ca29-4cd8-b618-cce7b9766b0e,deanthonymelton,194,De'Anthony Melton,G,$4.00 ,$4.00 ,$4.00 ,100%,
1626174,1,1610612745,Christian Wood,Christian,Wood,sr:player:852208,1626174,98100660-988b-4e71-a89e-f35839964483,christianwood,334,Christian Wood,F,$34.16 ,$32.00 ,$34.00 ,100%,
202692,1,1610612752,Alec Burks,Alec,Burks,sr:player:607750,202692,73fcf334-2088-4862-b83b-66eae415cf87,alecburks,249,Alec Burks,G,$1.20 ,$2.00 ,$1.00 ,52.60%,
1629011,1,1610612752,Mitchell Robinson,Mitchell,Robinson,sr:player:1478984,1629011,97e25d19-7c5c-49f9-91c0-5cd9b9cebdcb,mitchellrobinson,333,Mitchell Robinson,C/F,$12.37 ,$14.00 ,$12.00 ,100%,
203109,1,1610612756,Jae Crowder,Jae,Crowder,sr:player:607942,203109,db74c5dd-08bd-41a5-99ba-328e9b18aeb5,jaecrowder,486,Jae Crowder,F,$1.68 ,$2.00 ,$2.00 ,100%,
1629634,1,1610612763,Brandon Clarke,Brandon,Clarke,sr:player:1164396,1629634,c978afe7-cf22-45fc-8d0f-da8f867eb5ee,brandonclarke,439,Brandon Clarke,F/G,$2.89 ,$2.00 ,$3.00 ,94.70%,
203932,1,1610612743,Aaron Gordon,Aaron,Gordon,sr:player:607864,203932,20f85838-0bd5-4c1f-ab85-a308bafaf5bc,aarongordon,59,Aaron Gordon,F,$6.95 ,$11.00 ,$7.00 ,100%,
202683,1,1610612738,Enes Kanter,Enes,Kanter,sr:player:607708,202683,5fb038ef-a3bf-4f52-afce-4f5bd074bb88,eneskanter,204,Enes Kanter,C,$1.60 ,$3.00 ,$2.00 ,52.60%,
1627742,1,1610612740,Brandon Ingram,Brandon,Ingram,sr:player:996321,1627742,8082841d-e516-43c6-a81b-7987fa321acd,brandoningram,282,Brandon Ingram,F,$43.37 ,$41.00 ,$43.00 ,100%,
1629130,1,1610612748,Duncan Robinson,Duncan,Robinson,sr:player:1512651,1629130,18d35316-9f40-408c-abcc-ab49e06ef8e8,duncanrobinson,44,Duncan Robinson,F,$3.33 ,$6.00 ,$3.00 ,94.70%,
1628983,1,1610612760,Shai Gilgeous-Alexander,Shai,Gilgeous-Alexander,sr:player:1307702,1628983,d9ea4a8f-ff51-408d-b518-980efc2a35a1,shaigilgeousalexander,481,Shai Gilgeous-Alexander,G,$65.63 ,$60.00 ,$65.00 ,100%,
1626172,1,1610612744,Kevon Looney,Kevon,Looney,sr:player:852188,1626172,ebb50069-6fdf-4c07-9a21-a63d5c814536,kevonlooney,17698,Kevon Looney,F,$1.00 ,$1.00 ,$1.00 ,21.10%,
203992,1,1610612737,Bogdan Bogdanovic,Bogdan,Bogdanovic,sr:player:607922,203992,b4282659-dd1a-4042-a075-7df4890858e7,bogdanbogdanovic,391,Bogdan Bogdanovic,G,$13.22 ,$15.00 ,$13.00 ,94.70%,
201565,1,1610612752,Derrick Rose,Derrick,Rose,sr:player:607756,201565,48341095-ae5a-4d61-bcc8-1b0ceed870b2,derrickrose,154,Derrick Rose,G,$3.37 ,$4.00 ,$3.00 ,100%,
1627734,1,1610612754,Domantas Sabonis,Domantas,Sabonis,sr:player:996309,1627734,22038780-8c50-4211-a99e-656d983e5207,domantassabonis,60,Domantas Sabonis,F/C,$73.68 ,$70.00 ,$74.00 ,100%,
1628418,0,1610612764,Thomas Bryant,Thomas,Bryant,sr:player:1142594,1628418,030424b9-7367-45e1-b9d4-c8dee3a89e53,thomasbryant,4,Thomas Bryant,C/F,$3.32 ,$3.00 ,$3.00 ,100%,
1628366,1,1610612741,Lonzo Ball,Lonzo,Ball,sr:player:1141188,1628366,0f1de951-5a0e-4bc7-977c-8dafd0fbf121,lonzoball,29,Lonzo Ball,G,$24.58 ,$23.00 ,$25.00 ,100%,
201586,0,1610612746,Serge Ibaka,Serge,Ibaka,sr:player:608058,201586,0afca4ef-6ad4-4f96-8cd2-b20b59c6ce90,sergeibaka,17728,Serge Ibaka,F,$1.25 ,$1.00 ,$1.00 ,84.20%,
1628449,1,1610612761,Chris Boucher,Chris,Boucher,sr:player:1167932,1628449,f01d5d8d-f949-437a-a23f-3835c0939ced,chrisboucher,519,Chris Boucher,F/C,$11.60 ,$12.00 ,$12.00 ,78.90%,
203473,1,1610612748,Dewayne Dedmon,Dewayne,Dedmon,sr:player:607692,203473,b8a77045-a325-4ac1-ad9c-d065ec1f41a4,dewaynededmon,401,Dewayne Dedmon,C,,,,,
1627827,1,1610612742,Dorian Finney-Smith,Dorian,Finney-Smith,sr:player:1050927,1627827,426357dc-340b-4d89-8e3b-7d6b4022b460,dorianfinneysmith,139,Dorian Finney-Smith,F,$1.42 ,$1.00 ,$1.00 ,100%,
1627763,1,1610612754,Malcolm Brogdon,Malcolm,Brogdon,sr:player:996319,1627763,f7134fc8-b298-41fd-933d-d0c4a5d8f6ac,malcolmbrogdon,528,Malcolm Brogdon,G,$25.89 ,$27.00 ,$26.00 ,100%,
201976,1,1610612750,Patrick Beverley,Patrick,Beverley,sr:player:607472,201976,912e7aa3-dd03-4a98-9980-0442e108f287,patrickbeverley,317,Patrick Beverley,G,$1.63 ,$2.00 ,$2.00 ,84.20%,
1628970,1,1610612766,Miles Bridges,Miles,Bridges,sr:player:1158306,1628970,af8f331b-96a6-416e-8837-b14d5b11c52d,milesbridges,388,Miles Bridges,F,$8.68 ,$10.00 ,$9.00 ,100%,
1627741,1,1610612758,Buddy Hield,Buddy,Hield,sr:player:996305,1627741,795f46f2-c78d-4f1d-9ee2-4331c1cc8184,buddyhield,264,Buddy Hield,G,$14.37 ,$15.00 ,$15.00 ,100%,
203937,1,1610612763,Kyle Anderson,Kyle,Anderson,sr:player:608000,203937,2e49c27a-06c5-4c4a-87fd-69840b783947,kyleanderson,86,Kyle Anderson,F/G,$7.22 ,$6.00 ,$7.00 ,94.70%,
1626181,1,1610612757,Norman Powell,Norman,Powell,sr:player:852180,1626181,e1e4c26d-ab5c-4bd7-886a-812854466bb8,normanpowell,495,Norman Powell,G,$9.74 ,$9.00 ,$10.00 ,100%,
202704,1,1610612746,Reggie Jackson,Reggie,Jackson,sr:player:607852,202704,7b745dde-a011-45a8-98a8-460a9facb3ce,reggiejackson,271,Reggie Jackson,G,$7.42 ,$7.00 ,$8.00 ,100%,
203933,1,1610612754,T.J. Warren,T.J.,Warren,sr:player:607880,203933,2ec7092d-e988-4576-ab8b-e3197448fa5d,tjwarren,88,T.J. Warren,F,$3.11 ,$3.00 ,$3.00 ,94.70%,
1629655,1,1610612764,Daniel Gafford,Daniel,Gafford,sr:player:1286466,1629655,52cd8137-c791-4569-ad70-433e25d34882,danielgafford,172,Daniel Gafford,F/C,$7.63 ,$6.00 ,$8.00 ,100%,
202722,0,1610612764,Davis Bertans,Davis,Bertans,sr:player:1055723,202722,c1bb78ed-4ce7-4e8c-b30c-06f8148d550a,davisbertans,420,Davis Bertans,F,$1.35 ,$1.00 ,$1.00 ,89.50%,
1628021,1,1610612745,David Nwaba,David,Nwaba,sr:player:1108475,1628021,fe9b0c91-5964-4681-8f1b-e76b5d912b23,davidnwaba,537,David Nwaba,G/F,$1.00 ,$0.00 ,$1.00 ,5.30%,
1630193,1,1610612752,Immanuel Quickley,Immanuel,Quickley,sr:player:1491414,1630193,cb0b5991-53e4-4dce-bf95-215fd6ecf728,immanuelquickley,443,Immanuel Quickley,G,$2.44 ,$2.00 ,$2.00 ,84.20%,
202696,1,1610612741,Nikola Vucevic,Nikola,Vucevic,sr:player:607442,202696,7366b2b7-5959-4dd9-9204-760e861b3119,nikolavucevic,247,Nikola Vucevic,C,$54.84 ,$55.00 ,$55.00 ,100%,
1627936,1,1610612741,Alex Caruso,Alex,Caruso,sr:player:1239222,1627936,8936c15e-f9d5-4b9a-80b9-8f6b7dcf7a17,alexcaruso,299,Alex Caruso,G,$1.44 ,$2.00 ,$1.00 ,94.70%,
203915,0,1610612764,Spencer Dinwiddie,Spencer,Dinwiddie,sr:player:607360,203915,8426ab40-888d-4f89-976c-cd9e23717653,spencerdinwiddie,290,Spencer Dinwiddie,G,$14.74 ,$14.00 ,$15.00 ,100%,
200794,1,1610612751,Paul Millsap,Paul,Millsap,sr:player:607780,200794,59f6f688-7000-4cf5-a27f-a1980dd86d93,paulmillsap,17682,Paul Millsap,F,$1.00 ,$0.00 ,$1.00 ,5.30%,
1629006,1,1610612750,Josh Okogie,Josh,Okogie,sr:player:1161064,1629006,1938fb4b-347a-43fd-ba41-1abdb9540699,joshokogie,46,Josh Okogie,G,$1.00 ,$0.00 ,$1.00 ,5.30%,
1626166,1,1610612756,Cameron Payne,Cameron,Payne,sr:player:852220,1626166,fc486ff9-f1d0-4a1e-83ed-4a3aaec950a2,cameronpayne,534,Cameron Payne,G,$1.21 ,$1.00 ,$1.00 ,73.70%,
1628368,1,1610612758,De'Aaron Fox,De'Aaron,Fox,sr:player:1121881,1628368,cfc1e41b-74ab-45ee-8132-aaf9ca7f8163,deaaronfox,452,De'Aaron Fox,G,$67.58 ,$63.00 ,$67.00 ,100%,
203084,1,1610612758,Harrison Barnes,Harrison,Barnes,sr:player:607350,203084,ce8d0944-b277-499e-9701-02a5f1828615,harrisonbarnes,448,Harrison Barnes,F,$7.32 ,$7.00 ,$7.00 ,100%,
203552,1,1610612755,Seth Curry,Seth,Curry,sr:player:607326,203552,047d0b63-4142-46e9-8f04-a61622ae2375,sethcurry,8,Seth Curry,G,$3.63 ,$4.00 ,$4.00 ,100%,
201152,1,1610612759,Thaddeus Young,Thaddeus,Young,sr:player:607928,201152,31a50d54-ef46-47a8-863c-6f4d4e5aa184,thaddeusyoung,97,Thaddeus Young,F,$3.86 ,$3.00 ,$4.00 ,73.70%,
1628386,1,1610612739,Jarrett Allen,Jarrett,Allen,sr:player:1124733,1628386,a3fff5c7-19b6-4dac-bd75-11b944bea505,jarrettallen,363,Jarrett Allen,C,$24.79 ,$26.00 ,$25.00 ,100%,
1628978,1,1610612749,Donte DiVincenzo,Donte,DiVincenzo,sr:player:1497689,1628978,9cfad453-b323-43dc-a066-6cd0a21745ad,dontedivincenzo,344,Donte DiVincenzo,G,$2.22 ,$3.00 ,$2.00 ,94.70%,
202330,1,1610612766,Gordon Hayward,Gordon,Hayward,sr:player:607858,202330,a1ddebee-950c-497d-9acd-b5061360b464,gordonhayward,354,Gordon Hayward,F,$20.00 ,$19.00 ,$20.00 ,100%,
1628960,1,1610612749,Grayson Allen,Grayson,Allen,sr:player:1497615,1628960,ffa9a64f-d624-4033-bd23-59dcfd805175,graysonallen,540,Grayson Allen,G,$1.82 ,$3.00 ,$2.00 ,57.90%,
203457,1,1610612752,Nerlens Noel,Nerlens,Noel,sr:player:607792,203457,2012f4fd-98e0-4080-98a7-0cfb9de87067,nerlensnoel,58,Nerlens Noel,C/F,$4.76 ,$4.00 ,$5.00 ,89.50%,
1627884,1,1610612741,Derrick Jones,Derrick,Jones,sr:player:1075216,1627884,54cf6e06-9172-44b8-8d3b-ea1b6926553d,derrickjones,17680,Derrick Jones Jr.,F,$1.25 ,$1.00 ,$1.00 ,42.10%,
1628991,1,1610612763,Jaren Jackson Jr.,Jaren,Jackson Jr.,sr:player:1316824,1628991,3e492a6a-ed3c-499d-b3f5-ff68ca16f6fd,jarenjackson,131,Jaren Jackson Jr.,F/C,$34.37 ,$34.00 ,$34.00 ,100%,
201942,1,1610612741,DeMar DeRozan,DeMar,DeRozan,sr:player:607420,201942,5e86a9c3-b4d0-4fe1-a551-acd83e5d60eb,demarderozan,203,DeMar DeRozan,G/F,$25.95 ,$25.00 ,$26.00 ,100%,
1630162,1,1610612750,Anthony Edwards,Anthony,Edwards,sr:player:1876136,1630162,d0c7135a-1aea-40cb-ba20-df656de71749,anthonyedwards,454,Anthony Edwards,G,$40.11 ,$34.00 ,$40.00 ,100%,
203925,1,1610612751,Joe Harris,Joe,Harris,sr:player:607950,203925,766d6b8b-4211-46a3-ae57-2c1c915e538b,joeharris,257,Joe Harris,G/F,$6.71 ,$10.00 ,$6.00 ,89.50%,
1627780,1,1610612744,Gary Payton II,Gary,Payton II,sr:player:1071000,1627780,955fe0fb-3ca2-49c0-9a19-922d8349f13c,garypayton,327,Gary Payton II,G,$1.50 ,$0.00 ,$2.00 ,21.10%,
203469,1,1610612757,Cody Zeller,Cody,Zeller,sr:player:608140,203469,e1ce75b8-44ce-4086-b2e1-d2e22efc86ff,codyzeller,494,Cody Zeller,F/C,$1.57 ,$1.00 ,$2.00 ,36.80%,
1629651,1,1610612751,Nicolas Claxton,Nicolas,Claxton,sr:player:1307666,1629651,288519dc-eae8-4daf-afa4-c86322b7460e,nicolasclaxton,75,Nicolas Claxton,F/C,$1.81 ,$1.00 ,$2.00 ,84.20%,
202357,1,1610612744,Nemanja Bjelica,Nemanja,Bjelica,sr:player:854480,202357,a74d9be9-17de-49ce-93db-20034846b31e,nemanjabjelica,371,Nemanja Bjelica,F,$2.12 ,$2.00 ,$2.00 ,89.50%,
203944,1,1610612752,Julius Randle,Julius,Randle,sr:player:608108,203944,24c85a15-686e-4161-934b-40948188fa36,juliusrandle,68,Julius Randle,F/C,$51.95 ,$51.00 ,$52.00 ,100%,
202691,0,1610612744,Klay Thompson,Klay,Thompson,sr:player:607470,202691,4e152a06-673e-4701-b115-aa7e2cd00d2d,klaythompson,163,Klay Thompson,G,$20.21 ,$20.00 ,$20.00 ,100%,
203967,1,1610612756,Dario Saric,Dario,Saric,sr:player:607702,203967,06255060-3d3d-44f6-a776-2aab8e57584a,dariosaric,12,Dario Saric,F/C,$1.00 ,$0.00 ,$1.00 ,10.50%,
1628373,1,1610612742,Frank Ntilikina,Frank,Ntilikina,sr:player:922446,1628373,3a6c2262-7f48-4f0e-996e-3e774e822783,frankntilikina,122,Frank Ntilikina,G,$1.00 ,$0.00 ,$1.00 ,5.30%,
203484,1,1610612764,Kentavious Caldwell-Pope,Kentavious,Caldwell-Pope,sr:player:608182,203484,cecc054e-b9ec-4c71-8bbb-5ee665a8c3a9,kentaviouscaldwellpope,449,Kentavious Caldwell-Pope,G,$1.00 ,$1.00 ,$1.00 ,26.30%,
1626246,1,1610612742,Boban Marjanovic,Boban,Marjanovic,sr:player:860122,1626246,24c17409-ac10-4859-be6c-59d6cc6b5810,bobanmarjanovic,67,Boban Marjanovic,C,$3.00 ,$3.00 ,$3.00 ,15.80%,
1626220,1,1610612762,Royce O'Neale,Royce,O'Neale,sr:player:852134,1626220,32526c95-bc6e-4d28-a751-c4200904d80b,royceoneale,101,Royce O'Neale,F,$1.42 ,$2.00 ,$1.00 ,100%,
203488,1,1610612760,Mike Muscala,Mike,Muscala,sr:player:607766,203488,7c636961-816a-4b44-8991-671df9d91d9c,mikemuscala,272,Mike Muscala,F/C,$1.00 ,$0.00 ,$1.00 ,10.50%,
1629661,1,1610612756,Cameron Johnson,Cameron,Johnson,sr:player:1770162,1629661,2fe5b749-7bd4-4dbc-acfb-6d675f541e37,cameronjohnson,94,Cameron Johnson,F,$1.88 ,$2.00 ,$2.00 ,84.20%,
203087,1,1610612754,Jeremy Lamb,Jeremy,Lamb,sr:player:607662,203087,8d80f6fc-a7ac-48cf-bcd8-516d57acbbfe,jeremylamb,308,Jeremy Lamb,G/F,$1.00 ,$1.00 ,$1.00 ,36.80%,
202711,1,1610612762,Bojan Bogdanovic,Bojan,Bogdanovic,sr:player:608136,202711,7ff02e19-e829-4e56-9a34-233a71fce76c,bojanbogdanovic,281,Bojan Bogdanovic,F,$4.42 ,$6.00 ,$4.00 ,100%,
203903,1,1610612762,Jordan Clarkson,Jordan,Clarkson,sr:player:607936,203903,03d77214-5780-4715-8df2-13de3af5ea2d,jordanclarkson,7,Jordan Clarkson,G,$6.06 ,$6.00 ,$6.00 ,94.70%,
203083,1,1610612755,Andre Drummond,Andre,Drummond,sr:player:607620,203083,440b769d-2b8b-477f-80d7-cb21d83c0d52,andredrummond,143,Andre Drummond,C,$6.68 ,$9.00 ,$7.00 ,100%,
203487,1,1610612753,Michael Carter-Williams,Michael,Carter-Williams,sr:player:608160,203487,1f5e7dfc-225d-4a25-8857-e6f8192b4c44,michaelcarterwilliams,57,,G,,,,,
1628415,1,1610612763,Dillon Brooks,Dillon,Brooks,sr:player:1171432,1628415,72a6489b-ad35-4f06-8a4f-a68ea1052f7b,dillonbrooks,245,Dillon Brooks,G/F,$6.00 ,$9.00 ,$6.00 ,100%,
1627788,1,1610612755,Furkan Korkmaz,Furkan,Korkmaz,sr:player:926170,1627788,e558bede-02a3-4e10-993b-39033809c82a,furkankorkmaz,500,Furkan Korkmaz,G/F,$2.25 ,$3.00 ,$2.00 ,42.10%,
1626171,1,1610612749,Bobby Portis,Bobby,Portis,sr:player:852206,1626171,68b7aac9-02fd-4bd8-b10c-6702d2c5eb98,bobbyportis,225,Bobby Portis,F,$3.37 ,$3.00 ,$4.00 ,100%,
203920,1,1610612761,Khem Birch,Khem,Birch,sr:player:611962,203920,13ef372a-5fd1-4336-9901-12e120a5fbd7,khembirch,37,Khem Birch,C,$3.29 ,$4.00 ,$3.00 ,89.50%,
202322,1,1610612745,John Wall,John,Wall,sr:player:607514,202322,6769d1ca-0581-48b0-b487-b5c87b8f696e,johnwall,221,John Wall,G,$4.44 ,$5.00 ,$4.00 ,94.70%,
201933,1,1610612751,Blake Griffin,Blake,Griffin,sr:player:607958,201933,18358040-89d8-4e25-a6a6-9e209c26fb3a,blakegriffin,43,Blake Griffin,F,$2.00 ,$3.00 ,$2.00 ,94.70%,
204456,1,1610612754,T.J. McConnell,T.J.,McConnell,sr:player:852090,204456,e3dfa2a2-6272-4f3f-adf0-dd5dadea9481,tjmcconnell,496,T.J. McConnell,G,$5.63 ,$6.00 ,$6.00 ,100%,
1630219,1,1610612737,Skylar Mays,Skylar,Mays,sr:player:1170128,1630219,92a32a2c-8081-4ed1-8c0f-8d19e7a5993b,skylarmays,322,,G,,,,,
1629723,1,1610612763,John Konchar,John,Konchar,sr:player:1826622,1629723,906578a8-c01e-4799-a972-2b47e02108b9,johnkonchar,315,,G,,,,,
1627814,1,1610612744,Damion Lee,Damion,Lee,sr:player:1174784,1627814,0d9274b1-878c-44e3-8284-2c1f321d148b,damionlee,24,Damion Lee,G,$1.00 ,$1.00 ,$1.00 ,10.50%,
1627747,1,1610612754,Caris LeVert,Caris,LeVert,sr:player:996291,1627747,c34996e5-8be6-4053-a2f2-0acb0155e18c,carislevert,426,Caris LeVert,G,$15.47 ,$13.00 ,$15.00 ,100%,
1628467,1,1610612742,Maxi Kleber,Maxi,Kleber,sr:player:921210,1628467,3ef70a50-cd0d-4148-a1ad-ca830a1a9046,maxikleber,134,Maxi Kleber,F,$1.45 ,$2.00 ,$1.00 ,57.90%,
203200,1,1610612754,Justin Holiday,Justin,Holiday,sr:player:607728,203200,05dea31d-f1ff-491b-9f17-8be88b26f413,justinholiday,11,Justin Holiday,F/G,$1.18 ,$1.00 ,$1.00 ,89.50%,
201566,1,1610612747,Russell Westbrook,Russell,Westbrook,sr:player:607340,201566,74a45eed-f2b0-4886-ae71-d04cf7d59528,russellwestbrook,253,Russell Westbrook,G,$51.74 ,$52.00 ,$52.00 ,100%,
203953,1,1610612738,Jabari Parker,Jabari,Parker,sr:player:607386,203953,e58c5e0e-f1f5-4685-9ff2-7197f9330bea,jabariparker,501,Jabari Parker,F,$1.00 ,$1.00 ,$1.00 ,15.80%,
203486,1,1610612766,Mason Plumlee,Mason,Plumlee,sr:player:607982,203486,9570a938-324f-40e8-92dd-8a4fcf4a953b,masonplumlee,328,Mason Plumlee,C,$5.63 ,$3.00 ,$6.00 ,100%,
203952,1,1610612744,Andrew Wiggins,Andrew,Wiggins,sr:player:607676,203952,77c425f0-0fce-4fab-bd1e-c915c8fb5bc7,andrewwiggins,260,Andrew Wiggins,F,$11.05 ,$11.00 ,$12.00 ,100%,
1630256,1,1610612745,Jae'Sean Tate,Jae'Sean,Tate,sr:player:1166316,1630256,1c7e3ee9-c6cd-4e1d-9efe-81fb1b2d4b69,jaeseantate,49,Jae'Sean Tate,F,$4.68 ,$4.00 ,$5.00 ,100%,
1629731,1,1610612739,Dean Wade,Dean,Wade,sr:player:1795454,1629731,bbeecf0c-62c6-4211-991d-2afaf2403623,deanwade,407,,F,,,,,
1629626,1,1610612743,Bol Bol,Bol,Bol,sr:player:1491398,1629626,6395ff32-c9b6-4ad0-8f0f-dce474274725,bolbol,211,Bol Bol,C/F,$1.80 ,$0.00 ,$2.00 ,26.30%,
203501,1,1610612742,Tim Hardaway Jr.,Tim,Hardaway Jr.,sr:player:608188,203501,35cd1338-c56b-4247-b53c-264585c59883,timhardaway,111,Tim Hardaway Jr.,G/F,$4.26 ,$6.00 ,$4.00 ,100%,
1629023,1,1610612766,PJ Washington,PJ,Washington,sr:player:1307734,1629023,6d7f4f2f-7ea7-4c56-8082-dfdce67f5487,pjwashington,236,P.J. Washington,F,$11.00 ,$11.00 ,$11.00 ,100%,
202324,1,1610612760,Derrick Favors,Derrick,Favors,sr:player:607500,202324,ad354ebb-88e5-46e4-ad79-f7188ee1f6c2,derrickfavors,380,Derrick Favors,F,$1.30 ,$2.00 ,$1.00 ,52.60%,
1626195,1,1610612740,Willy Hernangomez,Willy,Hernangomez,sr:player:852200,1626195,5e365d31-3524-45d1-8327-50e7ff7e1dab,willyhernangomez,201,Willy Hernangomez,C,$1.67 ,$0.00 ,$2.00 ,15.80%,
203090,1,1610612758,Maurice Harkless,Maurice,Harkless,sr:player:607370,203090,df6f21d3-5221-42e2-945b-8fe7cebdf03e,mauriceharkless,490,,F,,,,,
1629630,1,1610612763,Ja Morant,Ja,Morant,sr:player:1770166,1629630,9983bed6-e53c-4c65-a90a-51546a0e3352,jamorant,337,Ja Morant,G,$59.58 ,$58.00 ,$60.00 ,100%,
1629622,1,1610612748,Max Strus,Max,Strus,sr:player:1853516,1629622,f6aff1dc-15b9-4c89-a2fb-746f4cf78890,maxstrus,527,Max Strus,G/F,$1.00 ,$1.00 ,$1.00 ,26.30%,
1630170,1,1610612759,Devin Vassell,Devin,Vassell,sr:player:1620146,1630170,fe215630-2dc5-4573-95cc-c1b14abbbbcd,devinvassell,536,Devin Vassell,G,$1.74 ,$1.00 ,$2.00 ,100%,
203458,1,1610612758,Alex Len,Alex,Len,sr:player:607822,203458,2facd6c5-10c6-4481-a20f-a885b3f84460,alexlen,93,Alex Len,C,$1.00 ,$1.00 ,$1.00 ,15.80%,
1630169,1,1610612758,Tyrese Haliburton,Tyrese,Haliburton,sr:player:1493497,1630169,254e42d7-df01-4c68-9264-bca06c83c2c1,tyresehaliburton,70,Tyrese Haliburton,G,$34.32 ,$35.00 ,$34.00 ,100%,
1629685,1,1610612739,Dylan Windler,Dylan,Windler,sr:player:1166108,1629685,870310f0-9480-453a-8b33-a62f283c5eda,dylanwindler,295,Dylan Windler,G/F,$1.00 ,$1.00 ,$1.00 ,15.80%,
1629048,1,1610612754,Goga Bitadze,Goga,Bitadze,sr:player:1497623,1629048,0c977083-fdde-45f1-9406-60aef2a78846,gogabitadze,23,Goga Bitadze,C/F,$1.00 ,$0.00 ,$1.00 ,10.50%,
1628972,1,1610612741,Troy Brown,Troy,Brown,sr:player:1320578,1628972,5350a897-aa31-4510-8feb-e709e1feb844,troybrown,174,,F,,,,,
1629663,1,1610612758,Louis King,Louis,King,sr:player:1930224,1629663,3946a42e-7989-4c32-835c-789b50a01152,louisking,120,,F,,,,,
1628971,1,1610612751,Bruce Brown,Bruce,Brown,sr:player:1172650,1628971,fc058e75-1015-4bbe-8fab-925d5f6d83fb,brucebrown,18901,Bruce Brown,G,$1.40 ,$2.00 ,$1.00 ,78.90%,
1630240,1,1610612765,Saben Lee,Saben,Lee,sr:player:1296698,1630240,2b484dc1-9203-4b23-966c-f72e615e5d94,sabenlee,78,Saben Lee,G,$1.00 ,$0.00 ,$1.00 ,26.30%,
203095,1,1610612752,Evan Fournier,Evan,Fournier,sr:player:608288,203095,b736d95c-8474-48b2-9000-24ce926eace3,evanfournier,397,Evan Fournier,G/F,$8.61 ,$8.00 ,$9.00 ,94.70%,
1629680,0,1610612755,Matisse Thybulle,Matisse,Thybulle,sr:player:1167898,1629680,8b43c272-c16b-40c7-a4d5-7bbcefeb1816,matissethybulle,301,Matisse Thybulle,G/F,$2.89 ,$3.00 ,$3.00 ,94.70%,
1630168,1,1610612737,Onyeka Okongwu,Onyeka,Okongwu,sr:player:1880108,1630168,70e50e53-ca3b-425d-ac49-b156d6d1e016,onyekaokongwu,243,Onyeka Okongwu,F/C,$1.69 ,$1.00 ,$2.00 ,68.40%,
1629650,1,1610612742,Moses Brown,Moses,Brown,sr:player:1588474,1629650,355308f5-dbd8-4936-82fd-9a3c5c8e4b0d,mosesbrown,108,Moses Brown,C,$1.64 ,$2.00 ,$2.00 ,57.90%,
1629067,0,1610612761,Isaac Bonga,Isaac,Bonga,sr:player:1497643,1629067,2c5b32a1-53c3-4403-b579-c6126c7584a7,isaacbonga,17729,,G,,,,,
1630175,1,1610612753,Cole Anthony,Cole,Anthony,sr:player:1874842,1630175,b6ba1ad1-c57b-4215-8ded-5eeee7171017,coleanthony,395,Cole Anthony,G,$1.89 ,$1.00 ,$2.00 ,100%,
1629659,1,1610612747,Talen Horton-Tucker,Talen,Horton-Tucker,sr:player:1493507,1629659,b0b79700-15f3-4981-8d81-73534bbdd0ab,talenhortontucker,389,Talen Horton-Tucker,G,$2.58 ,$3.00 ,$3.00 ,100%,
1628420,1,1610612743,Monte Morris,Monte,Morris,sr:player:1142586,1628420,48b05ddf-0a9f-4426-9394-231c54726eaa,montemorris,157,Monte Morris,G,$2.16 ,$2.00 ,$2.00 ,100%,
1627777,1,1610612755,Georges Niang,Georges,Niang,sr:player:1070998,1627777,fae899bc-3fc7-43d9-b2c9-35721d11e438,georgesniang,531,Georges Niang,F,$1.67 ,$0.00 ,$2.00 ,15.80%,
1628984,1,1610612740,Devonte' Graham,Devonte',Graham,sr:player:1497683,1628984,604571ce-5be8-4938-b8fb-945ff8d15f8d,devontegraham,207,Devonte' Graham,G,$6.47 ,$7.00 ,$6.00 ,100%,
1630567,1,1610612761,Scottie Barnes,Scottie,Barnes,sr:player:2078473,1630567,1738927f-6ef3-4b23-921d-168b4371f917,scottiebarnes,40,Scottie Barnes,F,$12.74 ,$10.00 ,$13.00 ,100%,
1629605,1,1610612739,Tacko Fall,Tacko,Fall,sr:player:1829084,1629605,24052c17-95a8-4905-9ecf-5e8ef4ceccc4,tackofall,65,,C,,,,,
203476,1,1610612737,Gorgui Dieng,Gorgui,Dieng,sr:player:607604,203476,fd9448f0-99a2-4169-addf-235e14acf9f9,gorguidieng,17699,Gorgui Dieng,C,$1.00 ,$1.00 ,$1.00 ,21.10%,
1630214,1,1610612763,Xavier Tillman,Xavier,Tillman,sr:player:1316832,1630214,fb60c435-dd40-401e-977b-15bdbb753444,xaviertillman,533,Xavier Tillman,F,$1.09 ,$1.00 ,$1.00 ,57.90%,
1628989,1,1610612737,Kevin Huerter,Kevin,Huerter,sr:player:1499267,1628989,858d255e-9a7b-4c7a-aac4-fc7cf3a5f238,kevinhuerter,291,Kevin Huerter,G/F,$4.72 ,$3.00 ,$5.00 ,94.70%,
1629638,1,1610612740,Nickeil Alexander-Walker,Nickeil,Alexander-Walker,sr:player:1307780,1629638,d3d0ab55-b939-47b3-af27-77cdf85d7956,nickeilalexanderwalker,472,Nickeil Alexander-Walker,G,$10.53 ,$10.00 ,$11.00 ,100%,
1629134,1,1610612747,Kendrick Nunn,Kendrick,Nunn,sr:player:1499765,1629134,d63b17e9-59a5-44e0-9bf9-4ad454052b10,kendricknunn,476,Kendrick Nunn,G,$1.55 ,$2.00 ,$2.00 ,57.90%,
1628976,1,1610612753,Wendell Carter Jr.,Wendell,Carter Jr.,sr:player:1304564,1628976,744d5db7-b0be-474a-a58b-6ddf7ae35567,wendellcarter,250,Wendell Carter Jr.,C/F,$10.42 ,$8.00 ,$10.00 ,100%,
1629611,1,1610612746,Terance Mann,Terance,Mann,sr:player:1163000,1629611,a6cc820a-8dce-40aa-840c-f0c94cfa9e46,terancemann,370,Terance Mann,G/F,$4.42 ,$3.00 ,$4.00 ,100%,
201988,1,1610612751,Patty Mills,Patty,Mills,sr:player:607934,201988,9e917c97-5227-4581-9ab5-2dd07a7187ef,pattymills,347,Patty Mills,G,$2.35 ,$3.00 ,$2.00 ,89.50%,
1630271,1,1610612738,Brodric Thomas,Brodric,Thomas,sr:player:1646556,1630271,65b811bf-9ab9-409d-a00d-45f1843ae09e,brodricthomas,216,,G,,,,,
1626192,1,1610612749,Pat Connaughton,Pat,Connaughton,sr:player:852114,1626192,298852ca-299d-4cb9-a9e5-6ac909582f78,patconnaughton,77,Pat Connaughton,G,$1.82 ,$3.00 ,$2.00 ,57.90%,
1630267,1,1610612743,Facundo Campazzo,Facundo,Campazzo,sr:player:926116,1630267,5536a7c6-d5f6-4957-9b69-1e64ff67b643,facundocampazzo,179,Facundo Campazzo,G,$1.15 ,$1.00 ,$1.00 ,68.40%,
1626156,1,1610612750,D'Angelo Russell,D'Angelo,Russell,sr:player:852034,1626156,dbf09e15-1cd8-434e-acda-9527735ef4d6,dangelorussell,487,D'Angelo Russell,G,$20.37 ,$20.00 ,$20.00 ,100%,
203506,0,1610612748,Victor Oladipo,Victor,Oladipo,sr:player:607832,203506,ae9e275c-9dce-4c10-a108-cfee6958df48,victoroladipo,385,Victor Oladipo,G,$3.06 ,$4.00 ,$3.00 ,94.70%,
1629750,1,1610612741,Javonte Green,Javonte,Green,sr:player:1605464,1629750,252f4b13-6abb-45dc-ae85-f822b817cb51,javontegreen,69,,G,,,,,
1626179,1,1610612766,Terry Rozier,Terry,Rozier,sr:player:852022,1626179,d1ee8ac8-f550-4269-ab4f-604b7bba441a,terryrozier,461,Terry Rozier,G,$20.00 ,$24.00 ,$20.00 ,100%,
1629103,1,1610612754,Kelan Martin,Kelan,Martin,sr:player:1499773,1629103,ee25478a-0855-4f35-8e0d-2c4eb3466015,kelanmartin,515,,F,,,,,
201568,1,1610612737,Danilo Gallinari,Danilo,Gallinari,sr:player:608098,201568,47cd6421-0ce1-431e-9b9c-a8d9bfd0eb04,danilogallinari,151,Danilo Gallinari,F,$1.71 ,$3.00 ,$2.00 ,73.70%,
1630538,1,1610612743,Bones Hyland,Bones,Hyland,sr:player:2195772,1630538,7ad01370-ae8e-40ae-b70d-61f6d8dba8d9,boneshyland,270,,G,,,,,
1630194,1,1610612755,Paul Reed,Paul,Reed,sr:player:1317962,1630194,c7c7c72b-7cee-409a-b2b5-256d173ac305,paulreed,436,Paul Reed,F,$1.25 ,$2.00 ,$1.00 ,21.10%,
1628380,0,1610612759,Zach Collins,Zach,Collins,sr:player:1141194,1628380,b5310b38-a378-464f-b344-928adee0ed00,zachcollins,394,Zach Collins,F/C,$1.14 ,$1.00 ,$1.00 ,73.70%,
1628998,1,1610612766,Cody Martin,Cody,Martin,sr:player:1165452,1628998,6eadcfb0-1d51-4525-add6-17f07ae2ad49,codymartin,240,Cody Martin,F,$1.33 ,$0.00 ,$1.00 ,15.80%,
1628964,1,1610612753,Mo Bamba,Mo,Bamba,sr:player:1427411,1628964,a6bf9402-7f41-49a9-ab28-fe0bdffb5060,mobamba,369,Mo Bamba,C,$5.68 ,$7.00 ,$5.00 ,100%,
1630578,1,1610612745,Alperen Sengun,Alperen,Sengun,sr:player:1886632,1630578,47ff78e7-5607-48d6-9c1a-bddb075dbe70,alperensengun,153,Alperen Sengun,C,$8.95 ,$10.00 ,$9.00 ,100%,
201567,1,1610612739,Kevin Love,Kevin,Love,sr:player:607542,201567,7d615ccd-db96-42a3-9a6c-7f18ea25634e,kevinlove,278,Kevin Love,F,$1.89 ,$2.00 ,$2.00 ,94.70%,
1629673,1,1610612744,Jordan Poole,Jordan,Poole,sr:player:1316820,1629673,2ed2f76f-5a2f-4d79-ab7c-e84a8a42dc21,jordanpoole,89,Jordan Poole,G,$7.00 ,$7.00 ,$7.00 ,100%,
1628404,1,1610612740,Josh Hart,Josh,Hart,sr:player:1142606,1628404,d6fbf8f8-bb4a-43f7-95f6-498a5e042138,joshhart,478,Josh Hart,G,$1.47 ,$2.00 ,$1.00 ,100%,
1629628,1,1610612752,RJ Barrett,RJ,Barrett,sr:player:1770168,1629628,42c5f009-dfd2-4a94-a750-0943791e138e,rjbarrett,140,RJ Barrett,F/G,$20.16 ,$20.00 ,$20.00 ,100%,
1629234,1,1610612759,Drew Eubanks,Drew,Eubanks,sr:player:1175448,1629234,0fbb8fd5-9b9c-48a2-a355-18aba7b5d9d5,dreweubanks,30,Drew Eubanks,F/C,$1.45 ,$1.00 ,$1.00 ,57.90%,
1630596,0,1610612739,Evan Mobley,Evan,Mobley,sr:player:2080549,1630596,d64b602e-45f2-4ba9-878b-0a4f7210ec77,evanmobley,477,Evan Mobley,F/C,$20.84 ,$27.00 ,$21.00 ,100%,
1629636,1,1610612739,Darius Garland,Darius,Garland,sr:player:1593878,1629636,b79b88e1-35ef-4947-8a61-f6ec631a1e15,dariusgarland,399,Darius Garland,G,$22.26 ,$22.00 ,$22.00 ,100%,
203471,1,1610612738,Dennis Schroder,Dennis,Schroder,sr:player:607388,203471,a2c6a907-282f-4172-9d60-42d03987da0e,dennisschroder,357,Dennis Schroder,G,$4.84 ,$5.00 ,$5.00 ,100%,
201959,1,1610612752,Taj Gibson,Taj,Gibson,sr:player:608034,201959,9c8dc8ee-6207-48d5-81ee-f362f5e17f9b,tajgibson,343,Taj Gibson,F,$1.00 ,$1.00 ,$1.00 ,21.10%,
203526,1,1610612764,Raul Neto,Raul,Neto,sr:player:857572,203526,8e7ffd66-f779-418c-bf18-b9f746a1c5fe,raulneto,311,Raul Neto,G,$1.00 ,$0.00 ,$1.00 ,15.80%,
1629629,1,1610612737,Cam Reddish,Cam,Reddish,sr:player:1491396,1629629,8f10f30f-cab7-43e1-be6b-736cd8700081,camreddish,313,Cam Reddish,F/G,$3.00 ,$4.00 ,$3.00 ,100%,
1629684,1,1610612738,Grant Williams,Grant,Williams,sr:player:1179162,1629684,59209028-6712-47ef-b87c-bdb19f91523b,grantwilliams,189,Grant Williams,F,$1.25 ,$1.00 ,$1.00 ,42.10%,
1626153,1,1610612737,Delon Wright,Delon,Wright,sr:player:852096,1626153,1db0df17-b3d5-4ddb-98d0-8f86239347bf,delonwright,55,Delon Wright,G,$1.00 ,$1.00 ,$1.00 ,10.50%,
1627745,1,1610612758,Damian Jones,Damian,Jones,sr:player:996313,1627745,44231f84-c69d-440d-9287-e210d4ce1672,damianjones,144,,C,,,,,
200746,1,1610612751,LaMarcus Aldridge,LaMarcus,Aldridge,sr:player:607670,200746,3157a0b5-1b4c-46d1-934c-ac2df3810950,lamarcusaldridge,17676,LaMarcus Aldridge,F,$1.72 ,$2.00 ,$2.00 ,94.70%,
201577,1,1610612753,Robin Lopez,Robin,Lopez,sr:player:607438,201577,e521ef3c-7892-4f14-a560-df320872d59a,robinlopez,499,Robin Lopez,C,$1.00 ,$1.00 ,$1.00 ,10.50%,
202694,0,1610612746,Marcus Morris,Marcus,Morris,sr:player:607910,202694,4d7cb358-0fec-482f-9f57-92c39e8bf214,marcusmorris,162,Marcus Morris Sr.,F,$1.65 ,$2.00 ,$2.00 ,89.50%,
1630167,1,1610612752,Obi Toppin,Obi,Toppin,sr:player:1315510,1630167,ed000754-fb2c-4778-be6d-40cfc2400bd7,obitoppin,512,Obi Toppin,F,$2.00 ,$2.00 ,$2.00 ,94.70%,
1630217,1,1610612763,Desmond Bane,Desmond,Bane,sr:player:1168552,1630217,49962b13-0afc-43f5-a3e2-7e37b7736260,desmondbane,158,Desmond Bane,G,$2.63 ,$2.00 ,$3.00 ,100%,
1630231,1,1610612745,Kenyon Martin,Kenyon,Martin,sr:player:2100528,1630231,48394746-ddaa-4e82-ae1a-2c87e3189b73,kenyonmartin,155,Kenyon Martin Jr.,F,$1.67 ,$1.00 ,$2.00 ,78.90%,
1628975,1,1610612751,Jevon Carter,Jevon,Carter,sr:player:1497645,1628975,79cd9581-3aaa-484c-a8b1-a349cdc5c34c,jevoncarter,265,,G,,,,,
201588,1,1610612749,George Hill,George,Hill,sr:player:608230,201588,6e566165-6674-4306-9994-470f60720a2c,georgehill,239,,G,,,,,
1630558,1,1610612758,Davion Mitchell,Davion,Mitchell,sr:player:1296164,1630558,38a9b2cc-008e-406b-ad5a-87e0e54f93b7,davionmitchell,119,Davion Mitchell,G,$3.72 ,$4.00 ,$4.00 ,94.70%,
1629639,1,1610612748,Tyler Herro,Tyler,Herro,sr:player:1491410,1629639,8bd80771-843f-4d7f-a4e7-b4d4f6c4e7c6,tylerherro,302,Tyler Herro,G,$12.74 ,$15.00 ,$13.00 ,100%,
203504,1,1610612742,Trey Burke,Trey,Burke,sr:player:607802,203504,572261e2-8ad9-4198-969d-16cad41fdef3,treyburke,184,,G,,,,,
1630192,0,1610612743,Zeke Nnaji,Zeke,Nnaji,sr:player:1943512,1630192,5a563d9c-10c4-4005-a884-109f05264b0b,zekennaji,193,,F/C,,,,,
1628464,1,1610612745,Daniel Theis,Daniel,Theis,sr:player:921118,1628464,e18e9d0a-97b9-470d-b0a6-0c401ae0e0a0,danieltheis,492,Daniel Theis,F/C,$2.11 ,$3.00 ,$2.00 ,100%,
1627774,1,1610612750,Jake Layman,Jake,Layman,sr:player:1070978,1627774,ce08115e-5e01-4fdc-991d-5d0f4db3eb9f,jakelayman,446,,F,,,,,
202355,1,1610612762,Hassan Whiteside,Hassan,Whiteside,sr:player:611002,202355,3b8024e6-5872-4ceb-b675-415715527776,hassanwhiteside,124,Hassan Whiteside,C,$1.50 ,$1.00 ,$2.00 ,94.70%,
2772,1,1610612747,Trevor Ariza,Trevor,Ariza,sr:player:607592,2772,9392d5b6-3dbf-4375-8fdd-4dafaae6ede4,trevorariza,324,Trevor Ariza,F,$2.00 ,$2.00 ,$2.00 ,5.30%,
1626163,1,1610612756,Frank Kaminsky,Frank,Kaminsky,sr:player:852082,1626163,c9b1c381-e0ac-4618-9887-ce3e8993b265,frankkaminsky,440,Frank Kaminsky,F/C,$1.63 ,$2.00 ,$2.00 ,42.10%,
201143,1,1610612738,Al Horford,Al,Horford,sr:player:607754,201143,cf3a87ec-c2f7-42e8-9698-6f8b2ba916a9,alhorford,450,Al Horford,C,$3.32 ,$3.00 ,$3.00 ,100%,
1628997,1,1610612748,Caleb Martin,Caleb,Martin,sr:player:1166892,1628997,566685c7-ff63-439a-8888-5278904835fa,calebmartin,17748,,F,,,,,
1630178,1,1610612755,Tyrese Maxey,Tyrese,Maxey,sr:player:1889616,1630178,75fc46eb-71d8-4d1a-984f-3747ccd7a4c9,tyresemaxey,255,Tyrese Maxey,G,$5.58 ,$4.00 ,$6.00 ,100%,
202339,1,1610612746,Eric Bledsoe,Eric,Bledsoe,sr:player:607996,202339,8cee3c73-f765-4000-882d-0c6d0b8acbe3,ericbledsoe,305,Eric Bledsoe,G,$2.44 ,$2.00 ,$3.00 ,94.70%,
202709,1,1610612765,Cory Joseph,Cory,Joseph,sr:player:608010,202709,5769354c-0661-4ac7-86e5-3fd51506df36,coryjoseph,186,Cory Joseph,G,$1.00 ,$0.00 ,$1.00 ,5.30%,
1629139,0,1610612761,Yuta Watanabe,Yuta,Watanabe,sr:player:1543229,1629139,c7900e6e-e5ea-4670-a7bf-cb097f041b25,yutawatanabe,434,,G/F,,,,,
1628374,1,1610612739,Lauri Markkanen,Lauri,Markkanen,sr:player:1141204,1628374,583d7994-36f9-4a9a-b527-c18704406981,laurimarkkanen,17662,Lauri Markkanen,F,$6.26 ,$8.00 ,$6.00 ,100%,
1630466,1,1610612760,Gabriel Deck,Gabriel,Deck,sr:player:1427279,1630466,a36464a9-206a-44d5-90a7-8c24e348f960,gabrieldeck,361,,F,,,,,
1630586,1,1610612745,Usman Garuba,Usman,Garuba,sr:player:1630744,1630586,452f97da-01fb-40be-834b-34fd3a40615e,usmangaruba,145,Usman Garuba,F,$1.50 ,$1.00 ,$2.00 ,31.60%,
1629667,1,1610612766,Jalen McDaniels,Jalen,McDaniels,sr:player:1161808,1629667,2e1e9cc8-b30b-490c-bd6a-a718340a371a,jalenmcdaniels,85,Jalen McDaniels,F,$1.20 ,$1.00 ,$1.00 ,26.30%,
1629308,1,1610612744,Juan Toscano-Anderson,Juan,Toscano-Anderson,sr:player:1894116,1629308,d1a3371b-8e83-4e52-910d-82e67efb64dd,juantoscanoanderson,459,Juan Toscano-Anderson,F,$1.00 ,$1.00 ,$1.00 ,10.50%,
200752,1,1610612762,Rudy Gay,Rudy,Gay,sr:player:608224,200752,79d56fd7-f4ed-4905-9d04-dff4b5352334,rudygay,266,Rudy Gay,F,$1.10 ,$1.00 ,$1.00 ,52.60%,
1629644,1,1610612748,KZ Okpala,KZ,Okpala,sr:player:1320614,1629644,77dc9e11-c422-4c1b-9545-0f487095891e,kzokpala,261,KZ Okpala,F/G,$1.00 ,$0.00 ,$1.00 ,5.30%,
1629185,1,1610612744,Chris Chiozza,Chris,Chiozza,sr:player:1499747,1629185,b4c697f6-ddcc-48cd-9294-fb86d9b1899f,chrischiozza,17789,,G,,,,,
203648,1,1610612749,Thanasis Antetokounmpo,Thanasis,Antetokounmpo,sr:player:607830,203648,64c0e4e5-8711-4b86-8072-745f6084df73,thanasisantetokounmpo,212,,F,,,,,
1629021,1,1610612753,Moritz Wagner,Moritz,Wagner,sr:player:1177150,1629021,f1f258c2-9bcf-4e33-ba9e-563e95084893,moritzwagner,520,Moritz Wagner,F/C,$1.00 ,$1.00 ,$1.00 ,5.30%,
1629004,1,1610612761,Svi Mykhailiuk,Svi,Mykhailiuk,sr:player:1499297,1629004,8c0929ae-ce3d-47e0-a964-bf6b8d3981ab,svimykhailiuk,17732,,G/F,,,,,
203493,1,1610612742,Reggie Bullock,Reggie,Bullock,sr:player:608190,203493,42fa4c2c-6520-4d04-a753-cfe4a5c5e2e1,reggiebullock,141,Reggie Bullock,G/F,$1.00 ,$1.00 ,$1.00 ,31.60%,
1629675,1,1610612750,Naz Reid,Naz,Reid,sr:player:1796560,1629675,823b2161-0c34-494c-9d7c-b438152f4f4d,nazreid,286,Naz Reid,C,$1.84 ,$2.00 ,$2.00 ,100%,
201961,1,1610612747,Wayne Ellington,Wayne,Ellington,sr:player:607298,201961,47e00cc4-53ca-453b-993a-0f58279e2a94,wayneellington,152,,G,,,,,
1629018,1,1610612761,Gary Trent Jr.,Gary,Trent Jr.,sr:player:1499595,1629018,62daf16f-0c4c-46ae-9e54-0d34d6fdef85,garytrent,209,Gary Trent Jr.,G/F,$3.32 ,$3.00 ,$3.00 ,100%,
1628370,1,1610612747,Malik Monk,Malik,Monk,sr:player:1121879,1628370,3214b8de-d3ea-4188-9329-15a92f894f23,malikmonk,99,Malik Monk,G,$1.50 ,$3.00 ,$2.00 ,31.60%,
1628988,1,1610612764,Aaron Holiday,Aaron,Holiday,sr:player:1159900,1628988,877eb456-2827-475f-b858-2bc00480e24f,aaronholiday,296,,G,,,,,
1629653,1,1610612741,Devon Dotson,Devon,Dotson,sr:player:1491430,1629653,9d40276d-4d93-45f4-abb6-573e3ce0c2cd,devondotson,345,,G,,,,,
1627736,1,1610612750,Malik Beasley,Malik,Beasley,sr:player:996295,1627736,d3392ee6-cbe4-419e-bbd5-1b658d83e10e,malikbeasley,467,Malik Beasley,G,$3.59 ,$3.00 ,$4.00 ,89.50%,
1628396,1,1610612741,Tony Bradley,Tony,Bradley,sr:player:1142574,1628396,6130d33e-5725-4f5d-8f81-76ecd691a5b2,tonybradley,208,Tony Bradley,C,$1.00 ,$0.00 ,$1.00 ,15.80%,
1629013,1,1610612756,Landry Shamet,Landry,Shamet,sr:player:1172484,1629013,467f6843-4a9d-413b-9924-d2188d60e6fe,landryshamet,149,Landry Shamet,G,$1.33 ,$0.00 ,$1.00 ,15.80%,
1629642,1,1610612757,Nassir Little,Nassir,Little,sr:player:1582798,1629642,74eecf7d-f713-49e8-a590-52afa3f717a2,nassirlittle,254,Nassir Little,F/G,$1.75 ,$0.00 ,$2.00 ,42.10%,
1629631,1,1610612737,De'Andre Hunter,De'Andre,Hunter,sr:player:1178448,1629631,a4a75d83-54b5-4dca-913e-44ab04288446,deandrehunter,366,De'Andre Hunter,F/G,$10.78 ,$10.00 ,$11.00 ,94.70%,
1629076,1,1610612741,Tyler Cook,Tyler,Cook,sr:player:1855344,1629076,28b555ef-3b7d-46e9-b291-643a639086e7,tylercook,17673,,F,,,,,
1629726,1,1610612745,Garrison Mathews,Garrison,Mathews,sr:player:1829892,1629726,9866abfb-ec41-451a-9c2a-d1a47ec21a0e,garrisonmathews,18476,,G,,,,,
203210,1,1610612743,JaMychal Green,JaMychal,Green,sr:player:1070362,203210,2bd97a34-ced9-4413-bfaa-94dbafaa0fdd,jamychalgreen,79,,F/C,,,,,
1626145,1,1610612763,Tyus Jones,Tyus,Jones,sr:player:852176,1626145,cbc0a3b2-985e-4484-9cb6-6891337b18b7,tyusjones,444,,G,,,,,
203107,1,1610612740,Tomas Satoransky,Tomas,Satoransky,sr:player:861604,203107,a190e528-a18c-4682-beeb-e0f7360c3e06,tomassatoransky,353,Tomas Satoransky,G,$1.00 ,$0.00 ,$1.00 ,5.30%,
1628427,0,1610612743,Vlatko Cancar,Vlatko,Cancar,sr:player:1143456,1628427,957e63a8-d87d-47d2-89cc-416afa292d80,vlatkocancar,329,,F,,,,,
1629643,1,1610612753,Chuma Okeke,Chuma,Okeke,sr:player:1296162,1629643,f4800b3d-a795-4b22-bfef-83a079b30a89,chumaokeke,523,Chuma Okeke,F,$3.00 ,$2.00 ,$3.00 ,89.50%,
1630182,1,1610612742,Josh Green,Josh,Green,sr:player:1943544,1630182,bda65c13-f2d4-43ec-b058-b7807bec4867,joshgreen,409,Josh Green,G,$1.00 ,$0.00 ,$1.00 ,5.30%,
1630201,1,1610612761,Malachi Flynn,Malachi,Flynn,sr:player:1167194,1630201,22973df1-49a2-4506-bfce-3368737981f8,malachiflynn,63,Malachi Flynn,G,$1.25 ,$1.00 ,$1.00 ,84.20%,
200782,1,1610612748,P.J. Tucker,P.J.,Tucker,sr:player:607904,200782,da7d17aa-f245-4710-820c-99d29a7458b4,pjtucker,482,P.J. Tucker,F,$1.00 ,$1.00 ,$1.00 ,26.30%,
1629671,1,1610612762,Miye Oni,Miye,Oni,sr:player:1178480,1629671,eec2714c-72a5-48c8-bc10-d628e2a583f7,miyeoni,517,,G,,,,,
2738,0,1610612744,Andre Iguodala,Andre,Iguodala,sr:player:607494,2738,9fdcd102-1c82-4e32-b366-c93139352c75,andreiguodala,349,Andre Iguodala,G/F,$1.14 ,$1.00 ,$1.00 ,36.80%,
1628993,1,1610612741,Alize Johnson,Alize,Johnson,sr:player:1499291,1628993,247fda9b-09e6-4949-8fe3-acfcb9ed0983,alizejohnson,66,Alize Johnson,F,$1.00 ,$0.00 ,$1.00 ,26.30%,
1630180,1,1610612765,Saddiq Bey,Saddiq,Bey,sr:player:1593946,1630180,d531a451-6377-4942-a26f-3507d60fb36b,saddiqbey,473,Saddiq Bey,G/F,$7.63 ,$7.00 ,$8.00 ,100%,
1628539,1,1610612753,Mychal Mulder,Mychal,Mulder,sr:player:1889962,1628539,e6c1d522-5be2-4345-ab90-c7357cbaaf74,mychalmulder,505,,G,,,,,
1629052,1,1610612754,Oshae Brissett,Oshae,Brissett,sr:player:1930078,1629052,36c27a5d-c5bd-4e81-83b6-c77457103855,oshaebrissett,112,Oshae Brissett,F/G,$1.43 ,$1.00 ,$1.00 ,36.80%,
1627761,1,1610612751,DeAndre' Bembry,DeAndre',Bembry,sr:player:996293,1627761,db42a3d8-e493-4f0e-aa9f-149397877fea,deandrebembry,484,,F,,,,,
1629162,1,1610612750,Jordan McLaughlin,Jordan,McLaughlin,sr:player:1161592,1629162,bde7f42e-7296-453d-bcba-cac6fad2d03f,jordanmclaughlin,411,Jordan McLaughlin,G,$1.00 ,$0.00 ,$1.00 ,15.80%,
1629637,1,1610612740,Jaxson Hayes,Jaxson,Hayes,sr:player:1770174,1629637,582db35d-33ae-4913-9bb3-5de4fb763e46,jaxsonhayes,188,Jaxson Hayes,C,$1.47 ,$1.00 ,$1.00 ,89.50%,
1630537,1,1610612754,Chris Duarte,Chris,Duarte,sr:player:1882756,1630537,1233bcf7-d653-4a86-b10a-86e3da52bdf0,chrisduarte,35,Chris Duarte,F,$2.58 ,$3.00 ,$3.00 ,100%,
1629014,1,1610612757,Anfernee Simons,Anfernee,Simons,sr:player:1479148,1629014,632adcc4-97f1-4e67-a132-e0b79f013c67,anferneesimons,210,Anfernee Simons,G,$2.56 ,$2.00 ,$3.00 ,84.20%,
203463,1,1610612757,Ben McLemore,Ben,McLemore,sr:player:607570,203463,288a83df-6f23-4d4e-a450-3d494d8ba897,benmclemore,17991,,G,,,,,
1628408,1,1610612743,PJ Dozier,PJ,Dozier,sr:player:1126373,1628408,ee06e9d2-98bf-487d-96a5-4954c25b75ef,pjdozier,514,PJ Dozier,G/F,$1.00 ,$1.00 ,$1.00 ,5.30%,
1629026,1,1610612760,Kenrich Williams,Kenrich,Williams,sr:player:1499593,1629026,9318b4c1-49d0-40eb-8b76-1098e28133d2,kenrichwilliams,323,Kenrich Williams,G/F,$1.00 ,$0.00 ,$1.00 ,15.80%,
1629652,1,1610612760,Luguentz Dort,Luguentz,Dort,sr:player:1586536,1629652,3f7e2350-e208-4791-98c2-684b53bb5a9a,luguentzdort,135,Luguentz Dort,G,$3.74 ,$4.00 ,$4.00 ,100%,
1626162,1,1610612766,Kelly Oubre,Kelly,Oubre,sr:player:852166,1626162,7dfa0971-96be-4705-9811-f9f54758145f,kellyoubre,279,Kelly Oubre Jr.,F/G,$3.84 ,$4.00 ,$4.00 ,100%,
1628367,1,1610612765,Josh Jackson,Josh,Jackson,sr:player:1126371,1628367,05204575-e093-44ee-869c-7668ca6995d6,joshjackson,9,Josh Jackson,F,$1.14 ,$1.00 ,$1.00 ,73.70%,
1628470,1,1610612754,Torrey Craig,Torrey,Craig,sr:player:1238732,1628470,c14eba17-879a-461e-9413-bf71a378de6e,torreycraig,417,,F,,,,,
1629677,1,1610612752,Luka Samanic,Luka,Samanic,sr:player:1607262,1629677,714b4b97-6bfe-44ce-8875-a8ee494b32dc,lukasamanic,244,,F,,,,,
203926,1,1610612759,Doug McDermott,Doug,McDermott,sr:player:607618,203926,66156be8-6202-40bd-bdc2-014a46bee28f,dougmcdermott,217,Doug McDermott,F,$1.75 ,$2.00 ,$2.00 ,84.20%,
1630557,1,1610612764,Corey Kispert,Corey,Kispert,sr:player:1319316,1630557,3358cc38-7331-43ad-af04-ebd34fe328e7,coreykispert,104,Corey Kispert,F,$1.38 ,$2.00 ,$1.00 ,42.10%,
201580,1,1610612756,JaVale McGee,JaVale,McGee,sr:player:608186,201580,34ff5b55-42ef-40c0-a2c4-9c28b5476a03,javalemcgee,107,JaVale McGee,C/F,$1.14 ,$1.00 ,$1.00 ,73.70%,
202684,1,1610612758,Tristan Thompson,Tristan,Thompson,sr:player:607290,202684,335097c3-7919-49d5-80b0-8062d5d3e89c,tristanthompson,103,Tristan Thompson,F,$1.00 ,$1.00 ,$1.00 ,21.10%,
1628425,1,1610612742,Sterling Brown,Sterling,Brown,sr:player:1142682,1628425,2c04ab46-c23c-4df8-a748-15f0e35e4e8b,sterlingbrown,81,,G/F,,,,,
1629056,1,1610612758,Terence Davis,Terence,Davis,sr:player:1863638,1629056,5054a7a7-7fc2-40fa-867e-486c3ff6de03,terencedavis,167,Terence Davis,G,$2.00 ,$2.00 ,$2.00 ,5.30%,
1628379,1,1610612746,Luke Kennard,Luke,Kennard,sr:player:1126375,1628379,a537047d-c29f-4dfe-99b0-3bac4e258dc7,lukekennard,368,Luke Kennard,G,$1.22 ,$1.00 ,$1.00 ,47.40%,
1628398,1,1610612764,Kyle Kuzma,Kyle,Kuzma,sr:player:1142582,1628398,4fae86e2-4f99-4247-af85-d917b4389d31,kylekuzma,166,Kyle Kuzma,F,$5.32 ,$7.00 ,$5.00 ,100%,
1630218,1,1610612758,Robert Woodard,Robert,Woodard,sr:player:1592714,1630218,2f1d1aa0-1a44-4f38-8b1a-3e05e4d39850,robertwoodard,92,,F,,,,,
1629012,0,1610612739,Collin Sexton,Collin,Sexton,sr:player:1296148,1629012,80b5cccf-203b-4482-92aa-76d1598216be,collinsexton,283,Collin Sexton,G,$24.59 ,$24.00 ,$25.00 ,89.50%,
1630241,0,1610612763,Sam Merrill,Sam,Merrill,sr:player:1169328,1630241,6b8ed06d-a33f-46ce-b416-647100736df8,sammerrill,230,,G,,,,,
203924,1,1610612765,Jerami Grant,Jerami,Grant,sr:player:608212,203924,5b315e15-6633-4ce2-8200-71b821553314,jeramigrant,196,Jerami Grant,F,$22.37 ,$21.00 ,$23.00 ,100%,
203901,1,1610612756,Elfrid Payton,Elfrid,Payton,sr:player:607824,203901,5fe45e9e-7401-4896-8883-5f969361dbb7,elfridpayton,206,Elfrid Payton,G,$1.75 ,$1.00 ,$2.00 ,21.10%,
203585,1,1610612765,Rodney McGruder,Rodney,McGruder,sr:player:611942,203585,bab1b58c-6d77-433c-bf21-c4a3a6b24b7f,rodneymcgruder,406,,G,,,,,
1630595,1,1610612765,Cade Cunningham,Cade,Cunningham,sr:player:2068637,1630595,57d55cd4-6ab8-4255-a248-bef800c0cbab,cadecunningham,187,Cade Cunningham,G/F,$39.58 ,$47.00 ,$40.00 ,100%,
1630532,1,1610612753,Franz Wagner,Franz,Wagner,sr:player:1604398,1630532,514fd4aa-5384-4bc7-a670-367a426ca235,franzwagner,168,Franz Wagner,F,$1.84 ,$1.00 ,$2.00 ,100%,
1630544,1,1610612760,Tre Mann,Tre,Mann,sr:player:1795018,1630544,5b681679-4d8c-4964-bbba-5ed058257745,tremann,197,Tre Mann,G,$1.14 ,$1.00 ,$1.00 ,36.80%,
2730,1,1610612747,Dwight Howard,Dwight,Howard,sr:player:607836,2730,ae8df356-5e57-43e7-be4d-5ec7663312bd,dwighthoward,384,Dwight Howard,C/F,$1.67 ,$2.00 ,$2.00 ,78.90%,
203145,1,1610612747,Kent Bazemore,Kent,Bazemore,sr:player:608170,203145,2c157857-fffd-4eb5-8e2a-b28ebea8da77,kentbazemore,82,Kent Bazemore,G/F,$1.00 ,$1.00 ,$1.00 ,47.40%,
1628778,1,1610612760,Paul Watson,Paul,Watson,sr:player:1614318,1628778,be16ec6f-8dad-4057-ba7b-746e28582a59,paulwatson,17767,,F,,,,,
1627789,1,1610612737,Timothe Luwawu-Cabarrot,Timothe,Luwawu-Cabarrot,sr:player:852058,1627789,18cfec39-20a4-4ec3-9f00-6e62b5a61798,timotheluwawucabarrot,17668,,G/F,,,,,
201569,1,1610612745,Eric Gordon,Eric,Gordon,sr:player:607548,201569,f8d6c74c-e0bd-41ed-a814-f0b25259fe0a,ericgordon,530,Eric Gordon,G,$1.18 ,$1.00 ,$1.00 ,89.50%,
1629640,1,1610612759,Keldon Johnson,Keldon,Johnson,sr:player:1491400,1629640,190797ba-a6f4-4286-9d5e-d157ff834829,keldonjohnson,45,Keldon Johnson,G/F,$14.47 ,$14.00 ,$14.00 ,100%,
1630647,1,1610612742,Eugene Omoruyi,Eugene,Omoruyi,sr:player:1178132,1630647,7cb0e40c-85bf-4fb6-905e-37604cabc151,eugeneomoruyi,274,,F,,,,,
1628966,1,1610612759,Keita Bates-Diop,Keita,Bates-Diop,sr:player:1167698,1628966,af3416bc-38fb-46ca-9b03-72a88d7fda35,keitabatesdiop,386,,F,,,,,
1628365,1,1610612753,Markelle Fultz,Markelle,Fultz,sr:player:1141202,1628365,41edefa9-a2f9-447d-9578-d2ea2a0d783d,markellefultz,138,Markelle Fultz,G,$2.53 ,$3.00 ,$3.00 ,100%,
1629003,1,1610612755,Shake Milton,Shake,Milton,sr:player:1495351,1629003,5722e429-752c-41f7-9b75-e3fc712f14f1,shakemilton,185,Shake Milton,G/F,$1.71 ,$2.00 ,$2.00 ,89.50%,
1629672,1,1610612762,Eric Paschall,Eric,Paschall,sr:player:1171128,1629672,7a104c6b-0209-4f75-a587-32f017045d52,ericpaschall,267,,F,,,,,
1630698,1,1610612739,Kevin Pangos,Kevin,Pangos,sr:player:925248,1630698,5705f1f0-1bc0-4c99-8069-9b9c503030e6,kevinpangos,17681,,G,,,,,
1629717,1,1610612745,Armoni Brooks,Armoni,Brooks,sr:player:1930184,1629717,e69b01fb-0fb7-4043-9609-00aacedf07fe,armonibrooks,504,Armoni Brooks,G,$1.00 ,$0.00 ,$1.00 ,10.50%,
1626224,1,1610612739,Cedi Osman,Cedi,Osman,sr:player:852042,1626224,d8570bcf-9513-47d6-8f21-2f86625e58df,cediosman,479,Cedi Osman,F,$1.33 ,$1.00 ,$1.00 ,15.80%,
1629656,1,1610612752,Quentin Grimes,Quentin,Grimes,sr:player:1491436,1629656,e8486226-53e1-4857-b5f0-8b6fe88bdd8a,quentingrimes,506,Quentin Grimes,G,$1.00 ,$0.00 ,$1.00 ,15.80%,
1630166,1,1610612764,Deni Avdija,Deni,Avdija,sr:player:1613688,1630166,312f21c9-a061-43e2-9a22-65199131068e,deniavdija,95,Deni Avdija,F,$1.35 ,$2.00 ,$1.00 ,89.50%,
1629111,0,1610612759,Jock Landale,Jock,Landale,sr:player:1159256,1629111,02dc6e18-95a4-4919-b4fc-f8a981ccd359,jocklandale,3,Jock Landale,C,$1.00 ,$1.00 ,$1.00 ,5.30%,
1630535,1,1610612757,Greg Brown III,Greg,Brown III,sr:player:2068597,1630535,03258eec-a666-4b8f-86da-9bed8e91c39f,gregbrown,5,,F,,,,,
1630191,1,1610612765,Isaiah Stewart,Isaiah,Stewart,sr:player:1837404,1630191,9d4d6c87-78db-4556-b94a-bb8d566dd004,isaiahstewart,346,Isaiah Stewart,C,$18.00 ,$14.00 ,$18.00 ,94.70%,
1628995,1,1610612752,Kevin Knox,Kevin,Knox,sr:player:1307730,1628995,239f0ff0-3d09-4991-bb67-ad8c8b7fd0cb,kevinknox,64,,F,,,,,
1630583,0,1610612763,Santi Aldama,Santi,Aldama,sr:player:1876228,1630583,266cd359-f378-45c6-957e-6e21378e5219,santialdama,74,,F/C,,,,,
1629641,1,1610612738,Romeo Langford,Romeo,Langford,sr:player:1770176,1629641,cfca106e-f7a4-4ea3-a805-4505a3bf74c6,romeolangford,453,Romeo Langford,G,$1.83 ,$3.00 ,$2.00 ,31.60%,
1629669,1,1610612750,Jaylen Nowell,Jaylen,Nowell,sr:player:1320568,1629669,6e16fada-c4ba-42af-ab1d-aca511a6c684,jaylennowell,238,,G,,,,,
1627823,1,1610612738,Juancho Hernangomez,Juancho,Hernangomez,sr:player:924344,1627823,c1ff3e58-266f-4183-9fa1-d7c914cf4886,juanchohernangomez,421,,F,,,,,
1626168,1,1610612765,Trey Lyles,Trey,Lyles,sr:player:852130,1626168,55f10af0-4b71-4693-aa82-435e958ab560,treylyles,180,,F,,,,,
1630573,1,1610612738,Sam Hauser,Sam,Hauser,sr:player:1169096,1630573,f5aac467-6bf9-4fa3-b89a-9ef71fe546fa,samhauser,526,,F,,,,,
1630625,1,1610612761,Dalano Banton,Dalano,Banton,sr:player:1595370,1630625,6a93a3fd-d10c-4594-a4b5-873fa13f6d99,dalanobanton,226,Dalano Banton,F,$1.00 ,$1.00 ,$1.00 ,21.10%,
1627854,1,1610612759,Bryn Forbes,Bryn,Forbes,sr:player:1055725,1627854,ca784446-05be-4f5e-8108-d7bb1736005a,brynforbes,442,,G,,,,,
1629002,1,1610612758,Chimezie Metu,Chimezie,Metu,sr:player:1161964,1629002,72a69d30-cf07-4b5f-94ad-9c76832788bc,chimeziemetu,246,Chimezie Metu,C,$3.00 ,$2.00 ,$3.00 ,15.80%,
203918,1,1610612749,Rodney Hood,Rodney,Hood,sr:player:607550,203918,d38f8754-7ecb-4791-a350-f67e5c4c785a,rodneyhood,469,,G/F,,,,,
1630230,1,1610612740,Naji Marshall,Naji,Marshall,sr:player:2106618,1630230,a15f73b1-f757-4af2-b09a-f0185e09c8bf,najimarshall,351,Naji Marshall,F,$1.00 ,$1.00 ,$1.00 ,21.10%,
1629660,1,1610612760,Ty Jerome,Ty,Jerome,sr:player:1167498,1629660,03cf6eb6-688a-49b1-a4cc-f10c39c21725,tyjerome,6,,G,,,,,
201599,1,1610612747,DeAndre Jordan,DeAndre,Jordan,sr:player:607508,201599,0036a1fa-ff9a-44a5-8061-68b828ee2b1e,deandrejordan,1,DeAndre Jordan,C,$1.64 ,$3.00 ,$2.00 ,57.90%,
1630529,1,1610612740,Herbert Jones,Herbert,Jones,sr:player:1296160,1630529,66b88001-06c2-4f4a-9825-b6e0cc1df6cc,herbertjones,219,Herbert Jones,F,$2.00 ,$0.00 ,$2.00 ,10.50%,
201949,1,1610612751,James Johnson,James,Johnson,sr:player:607896,201949,1f0687ca-c8f2-4c71-8306-8a18cbf6cc60,jamesjohnson,56,,F,,,,,
1629633,0,1610612763,Jarrett Culver,Jarrett,Culver,sr:player:1770170,1629633,48a26195-2be6-4c2d-ba55-81c8126e9774,jarrettculver,156,Jarrett Culver,G/F,$1.00 ,$0.00 ,$1.00 ,5.30%,
1629632,1,1610612741,Coby White,Coby,White,sr:player:1582800,1629632,a1e46e84-bd9e-454d-9117-a8fa1aab0ce4,cobywhite,355,Coby White,G,$2.28 ,$2.00 ,$2.00 ,94.70%,
1630172,1,1610612741,Patrick Williams,Patrick,Williams,sr:player:1797198,1630172,67f6467e-0acc-48ce-9872-a63225ef295c,patrickwilliams,222,Patrick Williams,F,$5.25 ,$6.00 ,$5.00 ,63.20%,
1628981,1,1610612738,Bruno Fernando,Bruno,Fernando,sr:player:1286462,1628981,2ef47392-9f85-47e7-a844-b5d97cf412c9,brunofernando,91,,C,,,,,
1630575,1,1610612766,Scottie Lewis,Scottie,Lewis,sr:player:1795016,1630575,745ba960-b1f4-4fb5-a205-74a959c9f2d4,scottielewis,251,,G,,,,,
1626196,1,1610612738,Josh Richardson,Josh,Richardson,sr:player:852080,1626196,ef11cca9-6605-44e8-943e-193c7b821465,joshrichardson,518,Josh Richardson,G,$1.13 ,$1.00 ,$1.00 ,78.90%,
201609,1,1610612761,Goran Dragic,Goran,Dragic,sr:player:607536,201609,fea7b92a-0124-4775-8747-e4828f0dab8b,gorandragic,538,Goran Dragic,G,$1.75 ,$1.00 ,$2.00 ,63.20%,
202334,1,1610612739,Ed Davis,Ed,Davis,sr:player:607366,202334,9dbc15ee-deec-4c8c-86e9-71396ff80ef8,eddavis,18495,,F/C,,,,,
1630610,1,1610612754,DeJon Jarreau,DeJon,Jarreau,sr:player:1165450,1630610,2ed5daf8-85ff-4f2f-b4a7-c02de13ac69b,dejonjarreau,90,,G,,,,,
1626159,0,1610612746,Justise Winslow,Justise,Winslow,sr:player:852032,1626159,0e6ddc9f-4a7b-4d48-8033-998103edfb32,justisewinslow,28,Justise Winslow,F/G,$1.00 ,$1.00 ,$1.00 ,21.10%,
1627756,1,1610612739,Denzel Valentine,Denzel,Valentine,sr:player:996277,1627756,036f914a-aad0-4ff1-9771-54f9e963d1b8,denzelvalentine,17664,,G,,,,,
1630553,0,1610612746,Keon Johnson,Keon,Johnson,sr:player:2081843,1630553,4e3d287a-49d4-4f1a-8f88-da3a5abb3e4a,keonjohnson,164,Keon Johnson,G,$1.00 ,$1.00 ,$1.00 ,10.50%,
1628372,1,1610612757,Dennis Smith Jr.,Dennis,Smith Jr.,sr:player:1141206,1628372,8bfafad0-c7ac-4eca-8bba-60cf72180545,dennissmith,303,,G,,,,,
1628402,1,1610612765,Frank Jackson,Frank,Jackson,sr:player:1142584,1628402,88382494-4529-43d0-a328-b747e9372564,frankjackson,298,,G,,,,,
202397,1,1610612766,Ish Smith,Ish,Smith,sr:player:608256,202397,05a90cd6-73de-43d5-9d30-bc2588d03262,ishsmith,10,Ish Smith,G,$2.00 ,$0.00 ,$2.00 ,10.50%,
201145,1,1610612743,Jeff Green,Jeff,Green,sr:player:607318,201145,b9155864-4192-4ad7-8652-57a0844c87b3,jeffgreen,403,Jeff Green,F,$1.20 ,$1.00 ,$1.00 ,26.30%,
1630686,1,1610612749,Georgios Kalaitzakis,Georgios,Kalaitzakis,sr:player:930972,1630686,77342fb7-2d81-4492-a20b-cbbffd0c5267,georgioskalaitzakis,258,,F,,,,,
1630235,1,1610612762,Trent Forrest,Trent,Forrest,sr:player:1172228,1630235,d1490593-3d95-4ad6-9890-b6e8c97836e0,trentforrest,458,,G,,,,,
1630587,1,1610612765,Isaiah Livers,Isaiah,Livers,sr:player:1316816,1630587,c722d438-db08-421e-9484-9e7d2f67c05d,isaiahlivers,433,,F,,,,,
1630527,1,1610612746,Brandon Boston Jr.,Brandon,Boston Jr.,sr:player:2195760,1630527,3ee94b27-a47b-4fae-bb71-ba68dacef351,brandonboston,133,,G,,,,,
203524,1,1610612737,Solomon Hill,Solomon,Hill,sr:player:607680,203524,e68c7b19-7c0e-49a6-920c-48668f7ddbcf,solomonhill,502,,F,,,,,
1630570,1,1610612757,Trendon Watford,Trendon,Watford,sr:player:1795024,1630570,9f4181d5-0999-46ba-b466-d90ded24268a,trendonwatford,348,,F,,,,,
203503,1,1610612757,Tony Snell,Tony,Snell,sr:player:607992,203503,26414d70-d298-4999-a391-2eee2dd7067d,tonysnell,73,,G,,,,,
1630202,1,1610612738,Payton Pritchard,Payton,Pritchard,sr:player:1168380,1630202,0718c0e1-7804-471a-b4ed-cde778948d4d,paytonpritchard,14,Payton Pritchard,G,$1.33 ,$2.00 ,$1.00 ,31.60%,
1630186,1,1610612758,Jahmi'us Ramsey,Jahmi'us,Ramsey,sr:player:1875278,1630186,d919df6a-d871-4394-aad5-bbb0e7eb489f,jahmiusramsey,480,,G,,,,,
203085,1,1610612743,Austin Rivers,Austin,Rivers,sr:player:607810,203085,34a159c8-9fe6-4386-bf01-3446f4248bcb,austinrivers,106,,G,,,,,
1629719,0,1610612759,Devontae Cacok,Devontae,Cacok,sr:player:1166582,1629719,c21994c6-ce10-4595-b695-2a16f8154f9e,devontaecacok,423,,F,,,,,
1630554,0,1610612746,Jason Preston,Jason,Preston,sr:player:1590398,1630554,bfe2a85f-6d49-406e-88a1-2a38a66e8cfb,jasonpreston,415,,G,,,,,
1630580,0,1610612759,Joe Wieskamp,Joe,Wieskamp,sr:player:1491940,1630580,d1f4f8f6-1b69-4224-a9d6-a1c565fa2e7e,joewieskamp,462,,G/F,,,,,
1630227,1,1610612745,Daishen Nix,Daishen,Nix,sr:player:2208736,1630227,7f11cfe9-30d3-492a-9033-08cf2324a73e,daishennix,17689,Daishen Nix,G,$1.00 ,$0.00 ,$1.00 ,5.30%,
1630165,1,1610612765,Killian Hayes,Killian,Hayes,sr:player:1607864,1630165,be886733-2368-474e-8225-18ff43c27d59,killianhayes,413,Killian Hayes,G,$3.05 ,$4.00 ,$3.00 ,100%,
1630565,0,1610612755,Aaron Henry,Aaron,Henry,sr:player:1491992,1630565,0b295571-ce3f-4436-aea7-b84e9cf7203a,aaronhenry,19,,F,,,,,
1629756,1,1610612740,Daulton Hommes,Daulton,Hommes,sr:player:1749677,1629756,597ebfd1-47bc-46ce-8788-af3645ac41b9,daultonhommes,191,,F,,,,,
1630605,1,1610612742,Jaquori McLaughlin,Jaquori,McLaughlin,sr:player:1178590,1630605,f5b3e69d-b4cf-4d76-8d9c-d448baf8ae54,jaquorimclaughlin,17762,,G,,,,,
1630203,0,1610612755,Grant Riller,Grant,Riller,sr:player:1165584,1630203,e41f7a3d-abec-468c-9e29-af2a374f4525,grantriller,497,Grant Riller,G,$1.00 ,$0.00 ,$1.00 ,5.30%,
1630688,1,1610612756,Ishmail Wainright,Ishmail,Wainright,sr:player:1171706,1630688,7fd7fc72-da84-4dfc-875b-daa11228f575,ishmailwainright,280,,F,,,,,
1630613,1,1610612754,Duane Washington,Duane,Washington,sr:player:1491954,1630613,08fd692d-bce8-4f56-9add-77efc68637e8,duanewashington,16,,G,,,,,
1630556,1,1610612751,Kessler Edwards,Kessler,Edwards,sr:player:1586640,1630556,c2ad9bcf-7920-46ce-a124-dc21e98ca72d,kessleredwards,425,,F,,,,,
1630215,0,1610612762,Jared Butler,Jared,Butler,sr:player:1585682,1630215,0d9cd878-b94e-4daa-9848-dee6d950f1a5,jaredbutler,25,Jared Butler,G,$1.25 ,$0.00 ,$1.00 ,42.10%,
1629670,1,1610612749,Jordan Nwora,Jordan,Nwora,sr:player:1304640,1629670,c7a6b9c5-c600-49d9-b7be-e2b12b464e40,jordannwora,435,Jordan Nwora,F,$1.56 ,$1.00 ,$2.00 ,47.40%,
1630208,1,1610612766,Nick Richards,Nick,Richards,sr:player:1307768,1630208,9654c7f1-d16c-428c-88fd-2a6cdb5a8370,nickrichards,331,,C,,,,,
1630198,1,1610612755,Isaiah Joe,Isaiah,Joe,sr:player:1592124,1630198,36d083a5-49ca-42f1-80b7-b78275a8abd9,isaiahjoe,115,Isaiah Joe,G,$1.50 ,$1.00 ,$2.00 ,10.50%,
1630209,1,1610612748,Omer Yurtseven,Omer,Yurtseven,sr:player:2100382,1630209,6cb137da-2848-4c37-a80d-a4ba75ece969,omeryurtseven,233,Omer Yurtseven,C,$1.00 ,$0.00 ,$1.00 ,5.30%,
1630551,1,1610612761,Justin Champagnie,Justin,Champagnie,sr:player:1793968,1630551,6d117ec5-649d-4151-8d44-88175c603067,justinchampagnie,234,,G/F,,,,,
1630205,0,1610612739,Lamar Stevens,Lamar,Stevens,sr:player:1171656,1630205,09fe0192-07af-4d2e-af28-9a5d08a1fd8c,lamarstevens,17,,F,,,,,
1627752,1,1610612750,Taurean Prince,Taurean,Prince,sr:player:996279,1627752,4f80cdb1-1b10-4669-9774-045bc8a99c99,taureanprince,165,Taurean Prince,F,$1.00 ,$1.00 ,$1.00 ,5.30%,
1628963,1,1610612758,Marvin Bagley,Marvin,Bagley,sr:player:1255696,1628963,e86c1439-4ef0-4530-9c41-c3a682962eb3,marvinbagley,507,Marvin Bagley III,F,$3.76 ,$4.00 ,$4.00 ,89.50%,
1628962,0,1610612762,Udoka Azubuike,Udoka,Azubuike,sr:player:1170364,1628962,597ba5c7-0927-446b-9b4f-bf730a8f65f6,udokaazubuike,190,Udoka Azubuike,C,$1.00 ,$1.00 ,$1.00 ,10.50%,
1629599,1,1610612746,Amir Coffey,Amir,Coffey,sr:player:1829226,1629599,b9d4ce1b-94dc-4bec-8d62-70a86d9c523e,amircoffey,405,,G/F,,,,,
1630582,0,1610612763,Yves Pons,Yves,Pons,sr:player:1296716,1630582,46519711-b888-45ce-b21e-c4bcfd9d3f01,yvespons,148,,F,,,,,
1629649,1,1610612753,Iggy Brazdeikis,Iggy,Brazdeikis,sr:player:1492002,1629649,0c7bd636-5280-47f4-a7df-cedf5c1d921a,iggybrazdeikis,22,,F,,,,,
1630206,1,1610612746,Jay Scrubb,Jay,Scrubb,sr:player:2100530,1630206,0136fab0-7372-4c87-91b4-7c98c77c7d8f,jayscrubb,2,,G,,,,,
1629833,1,1610612757,Keljin Blevins,Keljin,Blevins,sr:player:1176984,1629833,fb216550-66a6-4a14-9fe7-44852b5de91c,keljinblevins,532,,G,,,,,
1630530,1,1610612740,Trey Murphy,Trey,Murphy,sr:player:2196318,1630530,51b62fe8-1e5c-4c65-8ad3-2ad06e749b70,treymurphy,169,Trey Murphy III,F,$1.75 ,$2.00 ,$2.00 ,84.20%,
1630195,0,1610612750,Leandro Bolmaro,Leandro,Bolmaro,sr:player:1619350,1630195,9a572392-b36d-4abd-a52d-98bf7f47c87d,leandrobolmaro,19854,Leandro Bolmaro,G,$1.00 ,$0.00 ,$1.00 ,5.30%,
1630568,1,1610612765,Luka Garza,Luka,Garza,sr:player:1279058,1630568,8da31ebc-6614-4209-8685-5442bc09887b,lukagarza,309,Luka Garza,C,$1.71 ,$4.00 ,$2.00 ,36.80%,
1630563,0,1610612759,Joshua Primo,Joshua,Primo,sr:player:2078269,1630563,b9901d15-7253-4654-a4c3-5ab9fea39f7c,joshuaprimo,404,Joshua Primo,G,$2.57 ,$10.00 ,$3.00 ,36.80%,
1630183,1,1610612750,Jaden McDaniels,Jaden,McDaniels,sr:player:1837406,1630183,aa5536d2-4d75-43fb-8df3-47fbf99d3b7c,jadenmcdaniels,376,Jaden McDaniels,F,$2.95 ,$2.00 ,$3.00 ,100%,
1630225,1,1610612764,Isaiah Todd,Isaiah,Todd,sr:player:2195918,1630225,d3929490-b2e0-4539-8228-038615f94fe1,isaiahtodd,470,Isaiah Todd,F,$1.00 ,$1.00 ,$1.00 ,15.80%,
1630547,1,1610612766,James Bouknight,James,Bouknight,sr:player:1871528,1630547,657adf7e-101e-495f-8e37-3790c37f39fd,jamesbouknight,215,James Bouknight,G,$2.00 ,$2.00 ,$2.00 ,78.90%,
1627846,1,1610612756,Abdel Nader,Abdel,Nader,sr:player:1238730,1627846,d21c7f7b-c1aa-4b52-9371-a399cfcabfdd,abdelnader,463,,F,,,,,
1630612,1,1610612739,RJ Nembhard,RJ,Nembhard,sr:player:1302282,1630612,2397baee-35f2-4602-bf1b-15fedcdcec05,rjnembhard,17671,,G,,,,,
1628977,1,1610612765,Hamidou Diallo,Hamidou,Diallo,sr:player:1497685,1628977,417c9fe2-15ee-48b7-9d8b-a151146fff42,hamidoudiallo,137,Hamidou Diallo,G/F,$1.00 ,$1.00 ,$1.00 ,26.30%,
1629620,1,1610612749,Justin Robinson,Justin,Robinson,sr:player:1797258,1629620,1ccff2d9-b2d4-4a33-a429-b2a7c4600977,justinrobinson,17758,,G,,,,,
202693,1,1610612748,Markieff Morris,Markieff,Morris,sr:player:607346,202693,25c4a949-c310-4bd3-af3f-10441215b323,markieffmorris,71,Markieff Morris,F,$1.25 ,$2.00 ,$1.00 ,21.10%,
1630531,0,1610612755,Jaden Springer,Jaden,Springer,sr:player:2195778,1630531,9fff97c3-676d-4c27-ab63-8d02540bb008,jadenspringer,350,Jaden Springer,G,$1.00 ,$1.00 ,$1.00 ,10.50%,
1630264,1,1610612764,Anthony Gill,Anthony,Gill,sr:player:1611382,1630264,7aa10d1a-ed4e-417d-998d-84ce66c77c9b,anthonygill,269,,F,,,,,
1630245,1,1610612741,Ayo Dosunmu,Ayo,Dosunmu,sr:player:1491934,1630245,f8a7e4c7-d60e-4751-9203-30a772dd9272,ayodosunmu,529,Ayo Dosunmu,G,$1.80 ,$1.00 ,$1.00 ,26.30%,
1630176,1,1610612766,Vernon Carey,Vernon,Carey,sr:player:1797222,1630176,3e01fdac-09fa-4e9d-926f-870dbbfe28a4,vernoncarey,130,Vernon Carey Jr.,C,$1.00 ,$0.00 ,$1.00 ,5.30%,
1630631,1,1610612740,Jose Alvarado,Jose,Alvarado,sr:player:1304668,1630631,8d6caab5-3a9a-4994-bde0-9fe14032efd7,josealvarado,307,,G,,,,,
202734,1,1610612753,E'Twaun Moore,E'Twaun,Moore,sr:player:610980,202734,5a854508-5f41-4009-8986-a162224c511d,etwaunmoore,17784,,G,,,,,
1630525,0,1610612761,David Johnson,David,Johnson,sr:player:1797208,1630525,c163241b-b087-4527-8515-bd853984cc16,davidjohnson,418,,G,,,,,
1630216,0,1610612764,Cassius Winston,Cassius,Winston,sr:player:1168660,1630216,e6909315-b7c9-456a-bc67-613ca091e255,cassiuswinston,503,,G,,,,,
1630228,1,1610612744,Jonathan Kuminga,Jonathan,Kuminga,sr:player:2195914,1630228,b27687c1-55bb-49e6-9c5b-96a099fda7b7,jonathankuminga,390,Jonathan Kuminga,F,$3.16 ,$3.00 ,$3.00 ,100%,
1629216,1,1610612748,Gabe Vincent,Gabe,Vincent,sr:player:1612346,1629216,1d4905d6-a6b4-4b45-8a90-91ed03440d0f,gabevincent,53,,G,,,,,
1630555,1,1610612764,Joel Ayayi,Joel,Ayayi,sr:player:1319308,1630555,5361a30e-2e3e-43d5-8340-265330cd7ef1,joelayayi,175,,G,,,,,
203082,1,1610612753,Terrence Ross,Terrence,Ross,sr:player:607796,203082,b7d0fa52-b5ca-4465-9bbb-3ec9b6b7b536,terrenceross,400,Terrence Ross,G/F,$2.00 ,$4.00 ,$2.00 ,94.70%,
2546,1,1610612747,Carmelo Anthony,Carmelo,Anthony,sr:player:607492,2546,32688af1-7ac2-432e-b60a-74b9bd89df57,carmeloanthony,102,Carmelo Anthony,F,$3.00 ,$2.00 ,$3.00 ,84.20%,
1629060,0,1610612764,Rui Hachimura,Rui,Hachimura,sr:player:1170310,1629060,5bfc9a4c-deb7-4f37-a784-5d99ada863cb,ruihachimura,198,Rui Hachimura,F,$3.42 ,$3.00 ,$3.00 ,100%,
1630190,0,1610612762,Elijah Hughes,Elijah,Hughes,sr:player:1178320,1630190,08ecec6d-cf9d-4780-8c73-03fe03bc0fdf,elijahhughes,15,,G,,,,,
1630561,1,1610612751,David Duke,David,Duke,sr:player:2222474,1630561,2ff9979f-4ca6-44b8-946e-70cbd992410c,davidduke,17675,,G,,,,,
1630249,1,1610612760,Vit Krejci,Vit,Krejci,sr:player:1699351,1630249,8db2a730-bafb-4936-915f-3dd4920a0aa9,vitkrejci,17766,,G,,,,,
1629681,0,1610612763,Killian Tillie,Killian,Tillie,sr:player:1176944,1629681,14c69fdb-d78f-4d9d-bd05-fdffdceb60a2,killiantillie,38,,F/C,,,,,
1630536,1,1610612737,Sharife Cooper,Sharife,Cooper,sr:player:2088293,1630536,53e011ee-504f-473e-bb26-bfe34533ca10,sharifecooper,177,Sharife Cooper,G,$1.50 ,$0.00 ,$2.00 ,10.50%,
1627863,1,1610612745,Danuel House,Danuel,House,sr:player:1070964,1627863,14dee36c-97c6-4668-8f4e-2833967e6ada,danuelhouse,39,Danuel House Jr.,F/G,$1.00 ,$1.00 ,$1.00 ,21.10%,
1629645,1,1610612745,Kevin Porter,Kevin,Porter,sr:player:1588480,1629645,ca5ad700-2ed9-453a-9abe-08eb8edb601c,kevinporter,441,Kevin Porter Jr.,G/F,$19.47 ,$17.00 ,$19.00 ,100%,
1629022,1,1610612759,Lonnie Walker,Lonnie,Walker,sr:player:1304676,1629022,d58cf16b-7bf5-4fed-8b1e-61bad46fa43e,lonniewalker,474,Lonnie Walker IV,G,$1.68 ,$1.00 ,$2.00 ,100%,
1628400,1,1610612749,Semi Ojeleye,Semi,Ojeleye,sr:player:1142592,1628400,e9bfd179-878d-4c04-acc7-2ed289d62b65,semiojeleye,509,,F,,,,,
202954,1,1610612754,Brad Wanamaker,Brad,Wanamaker,sr:player:921122,202954,3c09ef8a-a6f2-4500-9599-ca7bc8d54300,bradwanamaker,125,,G,,,,,
1630643,1,1610612747,Jay Huff,Jay,Huff,sr:player:2203462,1630643,1d1fa699-a455-4082-9df8-f97dbb0ca678,jayhuff,52,,C,,,,,
1630559,1,1610612747,Austin Reaves,Austin,Reaves,sr:player:1168578,1630559,c4981f56-93a2-47b1-8d31-4e8635f45e1d,austinreaves,428,,G,,,,,
1630540,1,1610612752,Miles McBride,Miles,McBride,sr:player:1794190,1630540,355a6113-d842-40be-9e74-90bb0800aabe,milesmcbride,109,Miles McBride,G,$1.00 ,$0.00 ,$1.00 ,5.30%,
1630593,0,1610612750,McKinley Wright IV,McKinley,Wright IV,sr:player:1318564,1630593,43e6c618-bbfb-48cc-abf2-db95b8bf083c,mckinleywright,142,,G,,,,,
1630585,1,1610612748,Marcus Garrett,Marcus,Garrett,sr:player:2213040,1630585,ee52d990-1de5-4693-8150-adac989fe5e6,marcusgarrett,17751,,G,,,,,
1630552,1,1610612737,Jalen Johnson,Jalen,Johnson,sr:player:2078875,1630552,d222539f-fa52-4070-807f-d3aba372f46d,jalenjohnson,464,Jalen Johnson,F,$1.55 ,$1.00 ,$2.00 ,57.90%,
1629604,1,1610612757,CJ Elleby,CJ,Elleby,sr:player:1588392,1629604,fda9e870-e97c-4df9-895a-0ec981cdd820,cjelleby,535,,F/G,,,,,
1630539,1,1610612766,Kai Jones,Kai,Jones,sr:player:1875264,1630539,116f036d-9233-462b-80bc-3ede69b97706,kaijones,32,Kai Jones,C/F,$1.21 ,$1.00 ,$1.00 ,73.70%,
1630171,1,1610612739,Isaac Okoro,Isaac,Okoro,sr:player:1882742,1630171,d13849d9-a696-44af-84a1-3196132c3ecd,isaacokoro,457,Isaac Okoro,G/F,$2.58 ,$3.00 ,$3.00 ,100%,
1630581,1,1610612760,Josh Giddey,Josh,Giddey,sr:player:2117214,1630581,66ea876a-1cc9-47ed-ae31-2ed3c8f9350e,joshgiddey,220,Josh Giddey,G,$9.53 ,$7.00 ,$9.00 ,100%,
1629712,1,1610612740,Didi Louzada,Didi,Louzada,sr:player:1794084,1629712,78df2636-a9fb-4a23-a29f-9c176d93123b,didilouzada,262,,G,,,,,
101150,1,1610612737,Lou Williams,Lou,Williams,sr:player:607432,101150,2629c593-5f7c-4d34-aec7-6b949572af2a,louwilliams,72,Lou Williams,G,$1.00 ,$1.00 ,$1.00 ,10.50%,
1630174,1,1610612738,Aaron Nesmith,Aaron,Nesmith,sr:player:1593872,1630174,90d63a71-e4fe-411c-9773-2e74b5e1cb3b,aaronnesmith,316,Aaron Nesmith,F,$2.67 ,$2.00 ,$3.00 ,63.20%,
202066,1,1610612740,Garrett Temple,Garrett,Temple,sr:player:608210,202066,ee2644c1-1260-4bf4-9c70-7c5b0cee4770,garretttemple,516,,G/F,,,,,
1629646,1,1610612755,Charles Bassey,Charles,Bassey,sr:player:1595382,1629646,eb063340-43d5-4f5c-8097-fa6e40b6f5e2,charlesbassey,511,,C/F,,,,,
1630526,1,1610612760,Jeremiah Robinson-Earl,Jeremiah,Robinson-Earl,sr:player:1795484,1630526,709a47f0-270b-46b0-8089-be42c4f9ebc3,jeremiahrobinsonearl,242,Jeremiah Robinson-Earl,F,$1.13 ,$1.00 ,$1.00 ,42.10%,
1630691,1,1610612765,Jamorko Pickett,Jamorko,Pickett,sr:player:1317946,1630691,68e0230c-6006-484e-be36-8903b6cba0df,jamorkopickett,17683,,F,,,,,
1629744,1,1610612741,Matt Thomas,Matt,Thomas,sr:player:1163678,1629744,2239eb97-eadc-4e6d-946f-9e17f0cea5b4,mattthomas,17670,,G,,,,,
1630188,1,1610612756,Jalen Smith,Jalen,Smith,sr:player:1491980,1630188,689cb3b0-a7cc-45b5-860d-007597029c8c,jalensmith,224,Jalen Smith,F/C,$1.00 ,$1.00 ,$1.00 ,21.10%,
1630550,1,1610612766,JT Thor,JT,Thor,sr:player:2087989,1630550,652f9ae3-0dbf-47c4-bad3-6474b6521134,jtthor,213,JT Thor,F,$1.00 ,$0.00 ,$1.00 ,15.80%,
1630233,1,1610612750,Nathan Knight,Nathan,Knight,sr:player:1167592,1630233,59b8fe2b-cd77-4526-8047-816b1f081351,nathanknight,192,,F,,,,,
1630607,1,1610612765,Chris Smith,Chris,Smith,sr:player:1588128,1630607,6fb34293-2225-4c67-8d84-cd64156d85ec,chrissmith,241,,F,,,,,
1629674,1,1610612758,Neemias Queta,Neemias,Queta,sr:player:1596754,1629674,7cfc1044-54f9-4788-af5f-8d943f992e0d,neemiasqueta,276,,C,,,,,
1630572,1,1610612749,Sandro Mamukelashvili,Sandro,Mamukelashvili,sr:player:1317896,1630572,c910f29a-3f6b-4dba-92e9-20137fbdf2c7,sandromamukelashvili,438,,F/C,,,,,
1630238,1,1610612762,Malik Fitts,Malik,Fitts,sr:player:2106626,1630238,a389d2ef-29f9-4600-ba48-6cc6315b2b30,malikfitts,18536,,F,,,,,
1630598,1,1610612760,Aaron Wiggins,Aaron,Wiggins,sr:player:1491986,1630598,d3b28775-473d-471a-8452-e913f4347f0f,aaronwiggins,471,,G,,,,,
1630591,1,1610612753,Jalen Suggs,Jalen,Suggs,sr:player:2080521,1630591,6dda6e0a-4b74-4486-80cd-5f9a8d93d1ba,jalensuggs,237,Jalen Suggs,G,$19.84 ,$21.00 ,$20.00 ,100%,
1630200,1,1610612759,Tre Jones,Tre,Jones,sr:player:1491406,1630200,2d4ce4bc-b03a-40bc-b22c-dab27591a429,trejones,83,,G,,,,,
1628990,1,1610612756,Chandler Hutchison,Chandler,Hutchison,sr:player:1499273,1628990,5d9dd021-537d-478d-8540-2d2708f356f4,chandlerhutchison,200,,F/G,,,,,
1629676,1,1610612760,Isaiah Roby,Isaiah,Roby,sr:player:1159790,1629676,bde20b39-128b-4224-a36c-e23abc623446,isaiahroby,410,Isaiah Roby,F,$1.67 ,$1.00 ,$2.00 ,78.90%,
1630250,1,1610612741,Marko Simonovic,Marko,Simonovic,sr:player:1635334,1630250,ac435f8a-d12c-4a42-9edd-88cabc7f460f,markosimonovic,379,,C,,,,,
1630181,1,1610612753,R.J. Hampton,R.J.,Hampton,sr:player:1875438,1630181,36cb0c82-ee54-43f1-96bc-bfc9ba728b50,rjhampton,113,R.J. Hampton,G,$1.44 ,$1.00 ,$1.00 ,47.40%,
1630210,1,1610612743,Markus Howard,Markus,Howard,sr:player:1167458,1630210,83dddfc2-7687-4087-acae-49b7e55ea514,markushoward,289,,G,,,,,
1630541,1,1610612744,Moses Moody,Moses,Moody,sr:player:2077831,1630541,a316cf6a-693d-4c6a-b0d9-ebf80e73e832,mosesmoody,358,Moses Moody,G,$1.25 ,$1.00 ,$1.00 ,63.20%,
1630288,1,1610612744,Jeff Dowtin,Jeff,Dowtin,sr:player:1167990,1630288,2d2017ed-9196-434e-9fb4-9bb904bda4ab,jeffdowtin,17779,,G,,,,,
1630560,1,1610612751,Cameron Thomas,Cameron,Thomas,sr:player:2081895,1630560,c6289b1b-7bb2-4ee6-8111-1a6e96aa9104,cameronthomas,430,Cameron Thomas,G,$2.00 ,$4.00 ,$2.00 ,47.40%,
1630543,1,1610612754,Isaiah Jackson,Isaiah,Jackson,sr:player:2081865,1630543,067d9f05-a6b8-4a4b-854c-3364234e62b1,isaiahjackson,13,Isaiah Jackson,F,$1.00 ,$0.00 ,$1.00 ,26.30%,
200765,1,1610612747,Rajon Rondo,Rajon,Rondo,sr:player:607960,200765,977b67b1-4665-4f97-ba3b-7d7778efecdb,rajonrondo,332,Rajon Rondo,G,$1.00 ,$1.00 ,$1.00 ,5.30%,
1630533,1,1610612763,Ziaire Williams,Ziaire,Williams,sr:player:2080949,1630533,1c9a1c2e-3e3b-439e-8d72-0b41b17e4ba9,ziairewilliams,51,Ziaire Williams,F,$1.10 ,$1.00 ,$1.00 ,52.60%,
1630224,1,1610612745,Jalen Green,Jalen,Green,sr:player:2195912,1630224,9a331092-35db-456c-a44a-d5b80a02ebe9,jalengreen,339,Jalen Green,G,$24.26 ,$27.00 ,$24.00 ,100%,
201571,1,1610612745,D.J. Augustin,D.J.,Augustin,sr:player:607760,201571,a18805c2-d746-4d4b-be83-5b96c3bdf6af,djaugustin,352,,G,,,,,
203914,1,1610612753,Gary Harris,Gary,Harris,sr:player:607332,203914,6b5d0264-fa2d-4956-919b-61abfc6bb8d7,garyharris,229,Gary Harris,G,$1.00 ,$0.00 ,$1.00 ,5.30%,
1630184,1,1610612740,Kira Lewis,Kira,Lewis,sr:player:1626720,1630184,6d717396-cfbb-43e0-a129-723839974a15,kiralewis,235,Kira Lewis Jr.,G,$1.29 ,$1.00 ,$1.00 ,73.70%,
202340,1,1610612747,Avery Bradley,Avery,Bradley,sr:player:608100,202340,b23917d2-bb0d-49fa-a384-80d994561d0c,averybradley,18592,Avery Bradley,G,$1.00 ,$1.00 ,$1.00 ,10.50%,
1629083,1,1610612766,Arnoldas Kulboka,Arnoldas,Kulboka,sr:player:1499293,1629083,95b5aa82-5f5f-469a-b0ca-d9188d225798,arnoldaskulboka,330,,F,,,,,
1630549,1,1610612751,Day'Ron Sharpe,Day'Ron,Sharpe,sr:player:2078557,1630549,1c82e36d-8975-4778-9d49-d872d2f3f1be,dayronsharpe,50,Day'Ron Sharpe,C,$1.00 ,$0.00 ,$1.00 ,5.30%,
1630173,0,1610612761,Precious Achiuwa,Precious,Achiuwa,sr:player:1830348,1630173,3dbbb869-88a8-44f2-ac36-46fd0f5d825c,preciousachiuwa,128,Precious Achiuwa,F,$2.89 ,$4.00 ,$3.00 ,94.70%,
1627782,1,1610612752,Wayne Selden,Wayne,Selden,sr:player:1070992,1627782,b6ceacd1-00f8-4e51-a186-bcbf02928e80,wayneselden,18614,,G,,,,,
1627822,0,1610612743,Petr Cornelie,Petr,Cornelie,sr:player:922624,1627822,f25e7200-33a3-46b4-a38a-1b703bd4f813,petrcornelie,19857,,F,,,,,
1629647,1,1610612760,Darius Bazley,Darius,Bazley,sr:player:1794082,1629647,6687bacd-1bd8-4f76-acdd-b4beac0bf402,dariusbazley,218,Darius Bazley,F,$3.53 ,$2.00 ,$4.00 ,100%,
1630579,1,1610612752,Jericho Sims,Jericho,Sims,sr:player:1302236,1630579,56003e58-6b25-4f22-9d97-020b3d1f6616,jerichosims,181,,C,,,,,
1630164,0,1610612744,James Wiseman,James,Wiseman,sr:player:1830344,1630164,5228b552-2eb0-4476-96c2-f3c9f82a7a35,jameswiseman,171,James Wiseman,C,$7.68 ,$8.00 ,$8.00 ,100%,
1630528,1,1610612745,Josh Christopher,Josh,Christopher,sr:player:2079303,1630528,8121242f-45a6-4632-b8ae-f0846a45016a,joshchristopher,284,Josh Christopher,G,$1.50 ,$0.00 ,$2.00 ,10.50%,
1630197,1,1610612760,Aleksej Pokusevski,Aleksej,Pokusevski,sr:player:1688447,1630197,132799e5-ab45-4b19-aff9-5dd73f85651c,aleksejpokusevski,36,Aleksej Pokusevski,F,$6.73 ,$7.00 ,$7.00 ,78.90%,
1630177,1,1610612760,Theo Maledon,Theo,Maledon,sr:player:1608076,1630177,89eabed6-b913-4931-8dc9-fce8863745e1,theomaledon,300,Theo Maledon,G,$1.08 ,$1.00 ,$1.00 ,63.20%,
2617,1,1610612748,Udonis Haslem,Udonis,Haslem,sr:player:608114,2617,ed343fa6-397c-4456-9f3f-63efee6706b5,udonishaslem,513,,F,,,,,
,,,,,,,,,chetholmgren,21027,Chet Holmgren,F,$12.06 ,$11.00 ,$12.00 ,94.70%,
,,,,,,,,,paolobanchero,21408,Paolo Banchero,F,$9.56 ,$10.00 ,$10.00 ,94.70%,
,,,,,,,,,jadenhardy,21508,Jaden Hardy,G,$7.00 ,$3.00 ,$7.00 ,89.50%,
,,,,,,,,,scoothenderson,21507,Scoot Henderson,G,$5.00 ,$0.00 ,$5.00 ,5.30%,
,,,,,,,,,jalenduren,20219,Jalen Duren,C,$4.88 ,$7.00 ,$5.00 ,89.50%,
,,,,,,,,,emonibates,20354,Emoni Bates,F,$4.63 ,$10.00 ,$5.00 ,42.10%,
,,,,,,,,,milosjovic,12693,Milos Jovic,G,$4.00 ,$0.00 ,$4.00 ,5.30%,
,,,,,,,,,jabarismith,20032,Jabari Smith,F,$3.63 ,$1.00 ,$4.00 ,84.20%,
,,,,,,,,,trevorkeels,20478,Trevor Keels,G,$3.00 ,$0.00 ,$3.00 ,5.30%,
,,,,,,,,,calebhoustan,21270,Caleb Houstan,G/F,$3.00 ,$3.00 ,$3.00 ,68.40%,
,,,,,,,,,patrickbaldwin,21167,Patrick Baldwin Jr.,G,$3.00 ,$1.00 ,$3.00 ,78.90%,
,,,,,,,,,ajgriffin,21158,AJ Griffin,F,$2.91 ,$4.00 ,$3.00 ,57.90%,
,,,,,,,,,daimioncollins,21286,Daimion Collins,F,$2.67 ,$0.00 ,$3.00 ,15.80%,
,,,,,,,,,maxabmas,4287,Max Abmas,G,$2.50 ,$4.00 ,$3.00 ,10.50%,
,,,,,,,,,tytywashington,20654,Tyty Washington Jr.,G,$2.25 ,$1.00 ,$2.00 ,21.10%,
,,,,,,,,,peytonwatson,20859,Peyton Watson,G,$2.14 ,$4.00 ,$2.00 ,36.80%,
,,,,,,,,,nahshonhyland,270,Nah'Shon Hyland,G,$2.07 ,$3.00 ,$2.00 ,73.70%,
,,,,,,,,,jadenivey,11761,Jaden Ivey,G,$2.06 ,$2.00 ,$2.00 ,94.70%,
,,,,,,,,,jaimejaquez,3487,Jaime Jaquez Jr.,G/F,$2.00 ,$0.00 ,$2.00 ,15.80%,
,,,,,,,,,huntersallis,20252,Hunter Sallis,G,$2.00 ,$0.00 ,$2.00 ,5.30%,
,,,,,,,,,ochaiagbaji,6949,Ochai Agbaji,G,$2.00 ,$0.00 ,$2.00 ,10.50%,
,,,,,,,,,bennedictmathurin,7654,Bennedict Mathurin,G/F,$1.82 ,$2.00 ,$2.00 ,57.90%,
,,,,,,,,,liangeloball,18344,LiAngelo Ball,G,$1.80 ,$1.00 ,$2.00 ,26.30%,
,,,,,,,,,brandonhuntleyhatfield,20044,Brandon Huntley-Hatfield,F,$1.50 ,$0.00 ,$2.00 ,10.50%,
,,,,,,,,,maxchristie,20167,Max Christie,G,$1.50 ,$1.00 ,$2.00 ,10.50%,
,,,,,,,,,walkerkessler,5526,Walker Kessler,F/C,$1.50 ,$0.00 ,$2.00 ,10.50%,
,,,,,,,,,drewtimme,5508,Drew Timme,F,$1.50 ,$3.00 ,$2.00 ,42.10%,
,,,,,,,,,johnnyjuzang,8214,Johnny Juzang,G,$1.38 ,$2.00 ,$1.00 ,42.10%,
,,,,,,,,,koficockburn,13387,Kofi Cockburn,C,$1.14 ,$2.00 ,$1.00 ,36.80%,
,,,,,,,202326,,demarcuscousins,18700,DeMarcus Cousins,C,$1.00 ,$1.00 ,$1.00 ,15.80%,
,,,,,,,,,andrejackson,9255,Andre Jackson,G,$1.00 ,$0.00 ,$1.00 ,5.30%,
,,,,,,,,,michaelfoster,21503,Michael Foster Jr.,F,$1.00 ,$0.00 ,$1.00 ,5.30%,
,,,,,,,,,marjonbeauchamp,19863,MarJon Beauchamp,F,$1.00 ,$0.00 ,$1.00 ,5.30%,
,,,,,,,,,oscartshiebwe,7000,Oscar Tshiebwe,F,$1.00 ,$0.00 ,$1.00 ,5.30%,
,,,,,,,,,caleblove,13840,Caleb Love,G,$1.00 ,$0.00 ,$1.00 ,5.30%,
,,,,,,,,,taevionkinsey,4698,Taevion Kinsey,G,$1.00 ,$0.00 ,$1.00 ,5.30%,
,,,,,,,,,markwilliams,10990,Mark Williams,C,$1.00 ,$1.00 ,$1.00 ,15.80%,
,,,,,,,,,keeganmurray,11275,Keegan Murray,F,$1.00 ,$0.00 ,$1.00 ,10.50%,
,,,,,,,,,kennedychandler,20884,Kennedy Chandler,G,$1.00 ,$0.00 ,$1.00 ,10.50%,
,,,,,,,,,jddavison,21220,JD Davison,G,$1.00 ,$0.00 ,$1.00 ,15.80%,
,,,,,,,1628394,,anzejspasecniks,18564,Anzejs Pasecniks,C/F,$1.00 ,$1.00 ,$1.00 ,5.30%,
,,,,,,,,,matthewcleveland,21272,Matthew Cleveland,G,$1.00 ,$0.00 ,$1.00 ,5.30%,
,,,,,,,,,traycejacksondavis,11580,Trayce Jackson-Davis,F,$1.00 ,$0.00 ,$1.00 ,15.80%,
,,,,,,,,,ianmartinez,3516,Ian Martinez,G,$1.00 ,$0.00 ,$1.00 ,5.30%,
,,,,,,,1629091,,elijahbryant,382,Elijah Bryant,G,$1.00 ,$0.00 ,$1.00 ,5.30%,
,,,,,,,1626155,,samdekker,256,Sam Dekker,F,$1.00 ,$1.00 ,$1.00 ,5.30%,
,,,,,,,,,buddyboeheim,2322,Buddy Boeheim,G,$1.00 ,$0.00 ,$1.00 ,5.30%,
,,,,,,,,,jabariwalker,2731,Jabari Walker,F,$1.00 ,$1.00 ,$1.00 ,26.30%,
,,,,,,,,,hunterdickinson,2764,Hunter Dickinson,C,$1.00 ,$0.00 ,$1.00 ,5.30%,
,,,,,,,,,andrewjones,3484,Andrew Jones,G,$1.00 ,$0.00 ,$1.00 ,5.30%,
,,,,,,,1629635,,sekoudoumbouya,228,Sekou Doumbouya,F,$1.00 ,$0.00 ,$1.00 ,10.50%,
,,,,,,,,,rokasjokubaitis,114,Rokas Jokubaitis,G,$1.00 ,$0.00 ,$1.00 ,5.30%,
,,,,,,,,,bjboston,133,BJ Boston Jr.,G,$1.00 ,$1.00 ,$1.00 ,5.30%,